source,source_id,query,title,year,journal,brain_system,feature_type,phenotype,diagnostic_context,relationship,direction,mechanism,directness,evidence_strength,supporting_sentence,citation_id,extraction_model,extraction_confidence
pubmed,27942448,impulsivity neuroimaging functional connectivity,Brain connectivity aberrations in anabolic-androgenic steroid users.,2017,NeuroImage. Clinical,"amygdala, default-mode network (DMN), dorsal attention network (DAN), frontal node encompassing the superior and inferior frontal gyri (SFG/IFG) and the anterior cingulate cortex (ACC)",functional connectivity,unknown,anabolic-androgenic steroid (AAS) users,association,lower,disruptions of brain networks with high concentrations of androgen receptors and critically involved in emotional and cognitive regulation,indirect,moderate,"In line with the emotional and behavioral consequences of AAS, current users exhibited reduced functional connectivity between key nodes involved in emotional and cognitive regulation, in particular reduced connectivity between the amygdala and default-mode network (DMN) and between the dorsal attention network (DAN) and a frontal node encompassing the superior and inferior frontal gyri (SFG/IFG) and the anterior cingulate cortex (ACC), with further reductions as a function of dependency, lifetime exposure, and cycle state (on/off).",27942448,single_stage:qwen2.5-7b-instruct,
pubmed,35040662,Barratt Impulsiveness Scale fMRI,Role of White Matter Microstructure in Impulsive Behavior.,2022,The Journal of neuropsychiatry and clinical neurosciences,white matter,unknown,impulsivity (general),healthy individuals,correlation,higher,specific white matter microstructural connectivity,indirect,moderate,"Whole-brain total average FA was inversely correlated with motor impulsiveness (r=-0.32, p=0.007) and positively correlated with nonplanning impulsiveness (r=0.29, p=0.02); these correlations were significant after correction for multiple comparisons.",35040662,single_stage:qwen2.5-7b-instruct,
pubmed,22749228,Barratt Impulsiveness Scale neuroimaging,Behavioral and cognitive impulsivity in obsessive-compulsive disorder and eating disorders.,2012,Psychiatry research,,unknown,unknown,"obsessive-compulsive disorder (OCD), eating disorder (ED), and healthy control participants",compared,higher,,indirect,moderate,"Compared to controls, both clinical groups reported higher levels of impulsivity on the BIS-11 however; only the OCD demonstrated increased stop-signal reaction time.",22749228,single_stage:qwen2.5-7b-instruct,high
pubmed,26745144,trait impulsivity resting-state fMRI,Head Motion and Inattention/Hyperactivity Share Common Genetic Influences: Implications for fMRI Studies of ADHD.,2016,PloS one,,covariates,attentional impulsivity,ADHD,common genetic influences,unclear,,indirect,moderate,"HM was moderately correlated with maternal reports of Inattention (r = 0.17, p-value = 7.4E-5) and Hyperactivity-Impulsivity (r = 0.16, p-value = 2.9E-4), and these associations were mainly due to pleiotropic genetic factors with genetic correlations [95% CIs] of rg = 0.24 [0.02, 0.43] and rg = 0.23 [0.07, 0.39].",26745144,single_stage:qwen2.5-7b-instruct,
pubmed,32464339,Barratt Impulsiveness Scale fMRI,Investigation of structure-function correlation among the young offspring of patients with bipolar disorder.,2020,Psychiatry research. Neuroimaging,cingulum,unknown,attentional impulsivity,young offspring of patients with bipolar disorder (BDoff),correlation,higher,,indirect,moderate,MD values in the cingulum were inversely correlated with the Child and Youth Resilience Measure and positively correlated with higher scores on the Barratt Impulsiveness Scale-Attentional.,32464339,single_stage:qwen2.5-7b-instruct,
pubmed,38002468,Barratt Impulsiveness Scale resting-state fMRI,Insula Connectivity Abnormalities Predict Impulsivity in Chronic Heroin Use Disorder: A Cross-Sectional Resting-State fMRI Study.,2023,Brain sciences,insula,functional connectivity,impulsivity (general),chronic heroin use disorder,predicts,higher,changes in FC between the insula and other brain regions,indirect,strong,"Changes in FC between the right insula and the lateral occipital cortex and the right angular gyrus were significantly positively correlated with total trait impulsivity scores, motor impulsivity, and nonplanning impulsivity, whereas changes in the FC between the left insula and the left superior frontal gyrus and left frontopolar brain region were significantly negatively correlated with trait impulsivity.",38002468,single_stage:qwen2.5-7b-instruct,
pubmed,31401546,impulsivity fMRI functional connectivity,Functional connectivity of emotional well-being: Overconnectivity between default and attentional networks is associated with attitudes of anger and aggression.,2019,Psychiatry research. Neuroimaging,default and attentional networks,functional connectivity,unknown,,positive correlation,higher,impaired effortful control and decreased response inhibition of impulsivity,indirect,significant,"Additionally, functional connectivity between the default and attentional networks was positively correlated with scores of attitudes of anger and aggression.",31401546,single_stage:qwen2.5-7b-instruct,
pubmed,33304251,ADHD impulsivity resting-state fMRI connectivity,Neural Basis of Increased Cognitive Control of Impulsivity During the Mid-Luteal Phase Relative to the Late Follicular Phase of the Menstrual Cycle.,2020,Frontiers in human neuroscience,dorsal striatum (DS) and dorsal lateral prefrontal cortex (dlPFC),functional connectivity,impulsivity (general),"conditions characterized by hyper-impulsivity, such as obsessive compulsive disorder, Parkinson disease, and attention deficit hyperactivity disorder",correlation,lower,"cyclical gonadal hormones affect cognitive control of impulsive behavior in a periodic manner, possibly via DS-dlPFC circuitry",indirect,moderate,"Discount rate (transformed k) correlated with functional connectivity between the DS and dlPFC, consistent with previous findings indicating that DS-dlPFC circuitry may regulate impulsivity.",33304251,single_stage:qwen2.5-7b-instruct,
pubmed,31907881,motor impulsivity functional connectivity,Human Brain Imaging Links Dopaminergic Systems to Impulsivity.,2020,Current topics in behavioral neurosciences,striatal dopaminergic system,unknown,motor impulsivity,,correlation,higher,functional connectivity,indirect,strong,"Low levels of striatal and midbrain D2-type receptor availability correlate with self-reported impulsivity, whereas striatal D2-type receptor availability shows positive correlation with motor response inhibition and cognitive flexibility.",31907881,single_stage:qwen2.5-7b-instruct,
pubmed,31886611,impulsivity fMRI functional connectivity,Dorsal striatal functional connectivity changes in Internet gaming disorder: A longitudinal magnetic resonance imaging study.,2021,Addiction biology,dorsal striatum,functional connectivity,unknown,young males with IGD,decreased FC between the left dorsal putamen and left medial prefrontal cortex (mPFC); increased FC strength between the right dorsal putamen and right middle occipital gyrus (MOG),higher,uncontrolled gaming may be related with functional neural changes in the dorsal striatum,indirect,moderate,They exhibited decreased FC between the left dorsal putamen and left medial prefrontal cortex (mPFC) compared with controls.,31886611,single_stage:qwen2.5-7b-instruct,high
pubmed,39218589,motor impulsivity functional connectivity,[A review of functional electrical stimulation based on brain-computer interface].,2024,Sheng wu yi xue gong cheng xue za zhi = Journal of biomedical engineering = Shengwu yixue gongchengxue zazhi,,unknown,unknown,,,unclear,,unclear,,"Functional electrical stimulation (FES) based on brain-computer interface (BCI) connects the patient's intentions with muscle contraction, and helps to promote the reconstruction of nerve function by recognizing nerve signals and stimulating the moving muscle group with electrical impulses to produce muscle convulsions or limb movements.",39218589,single_stage:qwen2.5-7b-instruct,
pubmed,37086305,Barratt Impulsiveness Scale resting-state fMRI,"Emotion dysregulation, impulsivity and anger rumination in borderline personality disorder: the role of amygdala and insula.",2024,European archives of psychiatry and clinical neuroscience,amygdala and insula,functional connectivity,unknown,BPD patients,correlation,lower,alterations in amygdala and insula,indirect,moderate,"Amygdala and insula are altered in BPD patients, and these two limbic structures are implicated in specific neuropsychiatric symptoms, such as difficulty in emotion regulation, depression, anger and depressive rumination.",37086305,single_stage:qwen2.5-7b-instruct,high
pubmed,37992501,impulsivity neuroimaging functional connectivity,Testing the triple network model of psychopathology in a transdiagnostic neurodevelopmental cohort.,2023,NeuroImage. Clinical,"Salience Network (SN), Central Executive Network (CEN), Default Mode Network (DMN)",functional connectivity,impulsivity (general),transdiagnostic neurodevelopmental difficulties,connectivity between networks,higher,"delayed network segregation, difficulties sustaining CEN activity to regulate behavior, and/or a heightened developmental mismatch between neural systems",indirect,moderate,"Hyperactivity/impulsivity was associated with increased functional connectivity between the SN, CEN, and DMN in at-risk children, whereas it was associated with decreased functional connectivity between the CEN and DMN in comparison children.",37992501,single_stage:qwen2.5-7b-instruct,high
pubmed,40297839,impulsivity resting-state fMRI functional connectivity,"Hippocampus Functional Connectivity, Impulsivity, and Subsequent Substance Use.",2025,Journal of cellular neuroscience,hippocampus,functional connectivity,unknown,adolescence,mediates,unclear,hippocampal rsFC with brain networks,unclear,marginal associations and significant associations,"Baseline hippocampal rsFC with the cingulo-parietal network, visual network, sensory-motor network, and DMN showed marginal associations with future tobacco and marijuana use. Additionally, hippocampal rsFC was significantly associated with impulsivity, which, in turn, predicted higher substance use at follow-up.",40297839,single_stage:qwen2.5-7b-instruct,
pubmed,24834038,impulsivity resting-state fMRI functional connectivity,Brain functional connectivity changes in children that differ in impulsivity temperamental trait.,2014,Frontiers in behavioral neuroscience,default mode network (DMN),functional connectivity,impulsivity (general),typically developing children,modulation,lower,alteration of functional connectivity,direct,strong,We found two DMN clusters located at the posterior cingulate cortex and the right angular gyrus which were negatively correlated with impulsivity scores.,24834038,single_stage:qwen2.5-7b-instruct,
pubmed,34993375,trait impulsivity functional connectivity,Brain Networks Associated With COVID-19 Risk: Data From 3662 Participants.,2021,"Chronic stress (Thousand Oaks, Calif.)","central executive, ventral salience, dorsal salience, default mode, subcortical, sensorimotor networks",functional connectivity,unknown,"pandemic up to February fourth, 2021",association,higher,not explicitly stated in the abstract,indirect,moderate,"More specifically, COVID-19 positive status was associated with 1) reduced connectivity between the central executive and ventral salience, as well as between the dorsal salience and default mode networks; 2) increased internal connectivity within the default mode, ventral salience, subcortical and sensorimotor networks; and 3) increased connectivity between the ventral salience, subcortical and sensorimotor networks.",34993375,single_stage:qwen2.5-7b-instruct,
pubmed,28783574,Barratt Impulsiveness Scale neuroimaging,Go/No-Go task performance predicts differences in compulsivity but not in impulsivity personality traits.,2017,Psychiatry research,,unknown,unknown,,predicts,higher,,indirect,moderate,"Surprisingly, no relation was found between the Go/No-Go task and the BIS-11 scale.",28783574,single_stage:qwen2.5-7b-instruct,
pubmed,29442271,impulsivity fMRI functional connectivity,Exploring variability in basal ganglia connectivity with functional MRI in healthy aging.,2018,Brain imaging and behavior,basal ganglia network,functional connectivity,unknown,none,association,lower,alterations of the dopaminergic system,indirect,moderate,Age was the only correlate of FC in the BGN that was consistently significant with both analyses.,29442271,single_stage:qwen2.5-7b-instruct,high
pubmed,12860356,Barratt Impulsiveness Scale neuroimaging,"Impulsivity, gender, and response to fenfluramine challenge in borderline personality disorder.",2003,Psychiatry research,central serotonergic system,unknown,unknown,community setting,predicts,lower,diminished central serotonergic function,indirect,moderate,Impulsivity and aggression were inversely related to delta-prolactin and peak-prolactin responses among male but not female subjects.,12860356,single_stage:qwen2.5-7b-instruct,high
pubmed,41098388,impulsivity resting-state fMRI functional connectivity,Functional connectivity in resting-state fMRI (rs-fMRI) in opioid use disorder.,2025,The European physical journal. Special topics,"default mode network (DMN), salience network (SN)",functional connectivity,unknown,resting-state fMRI,disruption,unclear,influences the functional connectivity of key brain networks,direct,preliminary,Our preliminary rs-fMRI findings reveal significant disruptions in functional connectivity in individuals with opioid addiction within DMN and SN networks involved in cognitive functions such as decision-making and impulse control.,41098388,single_stage:qwen2.5-7b-instruct,
pubmed,34964209,impulsivity fMRI functional connectivity,Neural processes during response inhibition in complex posttraumatic stress disorder.,2022,Depression and anxiety,thalamus,unknown,unknown,compared to PTSD and healthy controls,reduced,unclear,involvement in response inhibition,indirect,initial evidence,"There was reduced bilateral thalamic activation in participants with CPTSD relative to PTSD and controls during inhibition trials, but no activation differences between PTSD and controls for this brain region.",34964209,single_stage:qwen2.5-7b-instruct,
pubmed,32699511,impulsivity fMRI functional connectivity,Neurobiological mechanisms underlying internet gaming disorder .,2020,Dialogues in clinical neuroscience,impulse control areas,functional connectivity,unknown,neurobiological correlates,reduced activity,lower,impulsive behavior,indirect,moderate,reduced activity in impulse control areas and impaired decision making,32699511,single_stage:qwen2.5-7b-instruct,
pubmed,14572528,Barratt Impulsiveness Scale fMRI,Response inhibition and impulsivity: an fMRI study.,2003,Neuropsychologia,"right lateral orbitofrontal cortex, superior temporal gyrus, medial orbitofrontal cortex, cingulate gyrus, inferior parietal lobule",unknown,unknown,normal subjects performing a Go/NoGo task,association between BOLD response and impulsivity scores,higher,engagement of right orbitofrontal cortex needed to maintain behavioral inhibition in impulsive individuals,direct,strong,"Subjects with greater scores on impulsivity scales and who made more errors had greater activation of paralimbic areas during response inhibition, while less impulsive individuals and those with least errors activated higher order association areas.",14572528,single_stage:qwen2.5-7b-instruct,high
pubmed,10570690,attentional impulsivity functional connectivity,What is attention-deficit/hyperactivity disorder?,1999,Pediatric clinics of North America,frontal cortical-basal ganglia connections,functional connectivity,unknown,neuropsychological and neurobiologic studies,suggests,unclear,not specified in the abstract,indirect,suggestive,"Neurobiologic studies suggest that the circuitry involving frontal cortical-basal ganglia connections may be structurally or functionally different in individuals with ADHD, although the specificity of these findings has not been researched thoroughly.",10570690,single_stage:qwen2.5-7b-instruct,high
pubmed,39424632,impulsivity resting-state fMRI functional connectivity,Enhanced ADHD classification through deep learning and dynamic resting state fMRI analysis.,2024,Scientific reports,resting-state fMRI,functional connectivity,unknown,classification of ADHD from typically developing children (TDC),Skip-Vote-Net leverages dynamic connectivity analysis,unclear,majority voting mechanism,direct,high,"In this study, we introduce Skip-Vote-Net, a novel deep learning-based network designed for classifying ADHD from typically developing children (TDC) by leveraging dynamic connectivity analysis on rs-fMRI data collected from 222 participants included in the NYU dataset within the ADHD-200 database.",39424632,single_stage:qwen2.5-7b-instruct,
pubmed,31073695,impulsivity resting state functional connectivity,Binge drinking is associated with altered resting state functional connectivity of reward-salience and top down control networks.,2020,Brain imaging and behavior,reward-salience and top down control networks,functional connectivity,unknown,young adult binge (BD) and light (LD) drinkers,association,lower,dysregulation of neurofunctional networks,indirect,moderate,"BDs exhibited enhanced connectivity between the striatal reward areas and the orbitofrontal cortex and the ACC, which is consistent with AUD studies and may be indicative of alcohol-motivated appetitive behaviors. Conversely, BDs demonstrated lower connectivity between the IFC and hippocampus which was associated with higher craving.",31073695,single_stage:qwen2.5-7b-instruct,
pubmed,27743376,Barratt Impulsiveness Scale fMRI,Cortical folding patterns are associated with impulsivity in healthy young adults.,2017,Brain imaging and behavior,cortex,unknown,impulsivity (general),healthy young adults,association,higher,early brain development,indirect,moderate,"BIS subscores were positively correlated with cortical folding in several distinct areas: Total and attention scores were positively correlated with LGI in the left postcentral gyrus, cingulate gyrus, precentral gyrus, pars opercularis of the inferior frontal gyrus, right middle temporal gyrus, superior parietal gyrus, pericalcarine gyrus, and lateral occipital gyrus (each p < 0.05 CWP corr.). BIS motor score was positively correlated with LGI in the left superior temporal, lingual and supramarginal gyrus (each p < 0.05 CWP corr.). BIS non-planning score showed a positive correlation with LGI in the pars opercularis of the right inferior frontal gyrus and the left middle temporal, precentral and superior parietal gyrus (each p < 0.05 CWP corr.).",27743376,single_stage:qwen2.5-7b-instruct,
pubmed,35277392,motor impulsivity functional connectivity,Prefrontal Cortical Connectivity Mediates Locus Coeruleus Noradrenergic Regulation of Inhibitory Control in Older Adults.,2022,The Journal of neuroscience : the official journal of the Society for Neuroscience,"locus coeruleus, prefrontal cortex",unknown,unknown,healthy adults,mediates,higher,functional connectivity between prefrontal regions,indirect,moderate,"We confirm that better response inhibition is correlated with locus coeruleus integrity and stronger connectivity between presupplementary motor area (preSMA) and right inferior frontal gyrus (rIFG), but not volumes of the prefrontal cortical regions.",35277392,single_stage:qwen2.5-7b-instruct,
pubmed,39315326,Barratt Impulsiveness Scale resting-state fMRI,Resting-state brain networks alterations in adolescents with Internet Gaming Disorder associate with cognitive control impairments.,2024,Frontiers in psychiatry,"Executive Control Network (ECN), Salience Network (SN), Dorsal Attention Network (DAN)",functional connectivity,impulsivity (general),adolescents,correlation,higher,"impulsivity in IGD subjects shows a positive correlation with the severity of IGD, linked to impairments in the ECN and a decrease in functional connectivity between the SN and ECN",indirect,strong,"impulsivity in adolescent IGD subjects showed a positive correlation with the severity of IGD (r=0.6350, p < 0.001), linked to impairments in the Executive Control Network (ECN) and a decrease in functional connectivity between the Salience Network (SN) and ECN (r=0.4307, p=0.0021; r=-0.5147, p=0.0034).",39315326,single_stage:qwen2.5-7b-instruct,
pubmed,39339712,attentional impulsivity functional connectivity,Investigating the Impact of Nutrition and Oxidative Stress on Attention Deficit Hyperactivity Disorder.,2024,Nutrients,nervous system,unknown,attentional impulsivity,adults with comorbid conditions,plays a critical role in the development and manifestation of ADHD symptoms,unclear,"reduced levels of key antioxidant enzymes, including glutathione peroxidase (GPx), catalase (CAT), and superoxide dismutase (SOD), as well as a diminished total antioxidant status (TOS)",direct,strong,"Oxidative stress plays a critical role in the development and manifestation of ADHD symptoms. Studies have shown that individuals with ADHD exhibit reduced levels of key antioxidant enzymes, including glutathione peroxidase (GPx), catalase (CAT), and superoxide dismutase (SOD), as well as a diminished total antioxidant status (TOS) compared to healthy controls.",39339712,single_stage:qwen2.5-7b-instruct,
pubmed,27896939,trait impulsivity functional connectivity,"A multimodal study of impulsivity and body weight: Integrating behavioral, cognitive, and neuroimaging approaches.",2017,"Obesity (Silver Spring, Md.)",right inferior frontal gyrus and right middle frontal gyrus,functional connectivity,unknown,impulsivity,positive association,higher,mediation by ImpSS,indirect,moderate,"Further, there was a positive association between BMI and functional connectivity between the right inferior frontal gyrus and right middle frontal gyrus during successful response inhibition.",27896939,single_stage:qwen2.5-7b-instruct,
pubmed,39592983,attentional impulsivity resting-state fMRI,Abnormal stability of dynamic functional architecture in drug-naïve children with attention-deficit/hyperactivity disorder.,2024,BMC psychiatry,"default mode network (DMN), salience networks (SN)",dynamic connectivity,attentional impulsivity,drug-naïve children,abnormal stability of dynamic functional architecture,higher,Stroop test performance correlated with decreased FS in the bilateral SFG,direct,strong,"We found that children with ADHD exhibited (1) decreased FS in the bilateral superior frontal gyrus (SFG) and increased FS in the right middle temporal gyrus (MTG), which both belong to the default mode network (DMN); (2) increased dFC between the bilateral SFG of DMN and the left insula of salience networks (SN) (GRF, voxel-wise p < 0.001, cluster-wise p < 0.05); (3) decreased dFC between the right MTG and the left cerebellum posterior lobe, and (3) worse performance in the Stroop test that significantly correlate with decreased FS in the bilateral SFG (p = 0.043, FDR corrected).",39592983,single_stage:qwen2.5-7b-instruct,high
pubmed,25944613,Barratt Impulsiveness Scale resting-state fMRI,Nature of functional links in valuation networks differentiates impulsive behaviors between abstinent heroin-dependent subjects and nondrug-using subjects.,2015,NeuroImage,"ventral medial prefrontal cortex, δ-network (regions of the executive control system, such as the dorsolateral prefrontal cortex), β-network (regions of the reward system involved in the mesocorticolimbic pathway)",functional connectivity,impulsivity (general),abstinent heroin-dependent subjects vs. nondrug-using subjects,influence,unclear,the imbalanced link between the β- and δ-networks is associated with impulsivity in abstinent heroin-dependent subjects,direct,strong,"In control nondrug-using subjects, the functional link between the β- and δ-networks is balanced, and the δ-network competitively controls impulsivity. However, in abstinent heroin-dependent subjects, the link is imbalanced, with stronger β-network connectivity and weaker δ-network connectivity.",25944613,single_stage:qwen2.5-7b-instruct,
pubmed,38468374,impulsivity fMRI functional connectivity,Functional connectivity alterations in individuals with gaming disorder assessed by functional magnetic resonance imaging: a systematic review.,2025,Journal of addictive diseases,"prefrontal cortex, fronto-parietal regions, frontal gyrus, insula lobe, cingulate cortex and striatum",functional connectivity,unknown,fMRI scans,alterations,higher,"uncontrolled use of technologies, loss of inhibitory control in decision-making, transforming leisure into dependence",direct,moderate,The main findings reveal changes such as significant increases or decreases in functional connectivity in certain regions of the brain.,38468374,single_stage:qwen2.5-7b-instruct,
pubmed,28423021,Barratt Impulsiveness Scale fMRI,Trait impulsivity components correlate differently with proactive and reactive control.,2017,PloS one,"fronto-parietal network, inferior parietal lobule, right dorsolateral prefrontal cortex (DLPFC), anterior cingulate cortex",unknown,unknown,,correlation,higher,impulsivity scores associated with brain activity in specific regions,direct,moderate,"Specifically, higher motor impulsiveness was associated with a larger proactive control effect in the inferior parietal lobule and a smaller reactive control effect in the right dorsolateral prefrontal cortex (DLPFC) and anterior cingulate contex. Higher attention impulsivity was associated with a smaller proactive control effect in the right DLPFC.",28423021,single_stage:qwen2.5-7b-instruct,
pubmed,36963562,impulsivity resting-state fMRI functional connectivity,Youth Screen Media Activity Patterns and Associations With Behavioral Developmental Measures and Resting-state Brain Functional Connectivity.,2023,Journal of the American Academy of Child and Adolescent Psychiatry,resting-state brain,functional connectivity,impulsivity (general),,association,higher,,indirect,moderate,"The video-centric higher-frequency SMA pattern group demonstrated higher impulsivity, more sensitivity to punishment/reward, and altered resting-state brain functional connectivity among brain areas implicated previously in cognitive processes.",36963562,single_stage:qwen2.5-7b-instruct,0.95
pubmed,36747838,attentional impulsivity resting-state fMRI,Individual Differences in Delay Discounting are Associated with Dorsal Prefrontal Cortex Connectivity in Youth.,2023,bioRxiv : the preprint server for biology,"default mode network, dorsal and ventral attention networks",functional connectivity,impulsivity (general),adolescence,association,higher,connectivity patterns emanating from the left dorsal prefrontal cortex,indirect,moderate,"These analyses revealed that individual differences in delay discounting were associated with patterns of connectivity emanating from the left dorsal prefrontal cortex, a hub of the default mode network.",36747838,single_stage:qwen2.5-7b-instruct,
pubmed,37884552,trait impulsivity functional connectivity,Neural correlates of aggression in personality disorders from the perspective of DSM-5 maladaptive traits: a systematic review.,2023,Translational psychiatry,fronto-temporal-limbic regions,unknown,unknown,Borderline personality disorder (BPD) and antisocial personality disorder (ASPD),alterations,unclear,serotonergic and endocannabinoid signaling systems,indirect,moderate,alterations of fronto-temporal-limbic regions and serotonergic and endocannabinoid signaling systems may link impulsivity to aggression in BPD and ASPD.,37884552,single_stage:qwen2.5-7b-instruct,
pubmed,28040671,motor impulsivity resting-state fMRI,Decisional impulsivity and the associative-limbic subthalamic nucleus in obsessive-compulsive disorder: stimulation and connectivity.,2017,Brain : a journal of neurology,subthalamic nucleus,unknown,unknown,subjects with obsessive compulsive disorder who have undergone deep brain stimulation of the limbic and associative subthalamic nucleus,causally implicated,unclear,shifts evidence accumulation towards a functional less cautious style,direct,strong,We show that stimulation of the subthalamic nucleus is causally implicated in increasing decisional impulsivity with less accumulation of evidence during probabilistic uncertainty and in enhancing delay discounting.,28040671,single_stage:qwen2.5-7b-instruct,
pubmed,39284401,attentional impulsivity functional connectivity,"Transcranial Magnetic Stimulation-Induced Plasticity Improving Cognitive Control in Obsessive-Compulsive Disorder, Part II: Task-Based Neural Predictors of Treatment Response.",2025,Biological psychiatry,"dorsolateral prefrontal cortex, presupplementary motor area, bilateral amygdala, precuneus, insula",functional connectivity,unknown,repetitive transcranial magnetic stimulation (rTMS) combined with exposure with response prevention psychotherapy,task-based functional magnetic resonance imaging-derived measures of task-related brain activation or functional connectivity predict treatment response,higher,task-based functional magnetic resonance imaging-derived measures of task-related brain activation or functional connectivity during planning and inhibition-related processes are associated with clinical response for specific rTMS conditions in OCD,indirect,moderate,"For the vertex group, but not the dorsolateral prefrontal cortex/presupplementary motor area rTMS conditions, higher activation in several task-relevant regions during planning and response inhibition and lower error-related activation corresponded with better short-term clinical improvement.",39284401,single_stage:qwen2.5-7b-instruct,0.95
pubmed,39756804,Barratt Impulsiveness Scale resting-state fMRI,Altered Functional Connectivity of Prefrontal Cortex-Related Circuitry and Trait Impulsivity in Patients With Bipolar Disorder and History of Suicide Attempts.,2025,Acta psychiatrica Scandinavica,prefrontal cortex,functional connectivity,impulsivity (general),bipolar disorder with or without a history of suicide attempts,association,lower,specific PFC-based FC alterations,indirect,moderate,BDSA exhibited reduced FC between the PFC and sensorimotor (postcentral and precentral gyri) and thalamic regions compared to BDNS.,39756804,single_stage:qwen2.5-7b-instruct,
pubmed,37058964,trait impulsivity functional connectivity,Impulsivity and self-regulation: A dual-process model of risky driving in young drivers in Iran.,2023,Accident; analysis and prevention,,unknown,impulsivity (general),,mediation,unclear,"executive functions, reflective functioning, and driving self-regulation",indirect,moderate,"Executive functions and driving self-regulation mediated the effect of attention impulsivity on driving errors. Executive functions, reflective functioning, and driving self-regulation mediated the relationship between motor impulsivity and driving errors.",37058964,single_stage:qwen2.5-7b-instruct,
pubmed,19758706,Barratt Impulsiveness Scale neuroimaging,Are self-injurers impulsive?: Results from two behavioral laboratory studies.,2009,Psychiatry research,,unknown,impulsivity (general),non-suicidal self-injury (NSSI),association,higher,,indirect,moderate,"In Study 2, we compared adult female self-injurers (n=20) with age- and race/ethnicity-matched, non-injurious controls (n=20) on self-reported impulsiveness (Barratt Impulsiveness Scale-11), and performance-based measures of behavioral disinhibition, risky decision-making, and two measures of delay discounting.",19758706,single_stage:qwen2.5-7b-instruct,0.95
pubmed,29277650,impulsivity resting-state fMRI functional connectivity,"Macroscale variation in resting-state neuronal activity and connectivity assessed by simultaneous calcium imaging, hemodynamic imaging and electrophysiology.",2018,NeuroImage,brain-wide,functional connectivity,unknown,"simultaneous resting-state measurements of electrophysiology, along with calcium and hemodynamic imaging",hemodynamic signal is significantly correlated with FC measured by calcium,higher,regional variation in the hemodynamic response,indirect,moderate,"Furthermore, while overall functional connectivity (FC) measured by the hemodynamic signal is significantly correlated with FC measured by calcium, the two estimates were found to be significantly different.",29277650,single_stage:qwen2.5-7b-instruct,
pubmed,26908392,Barratt Impulsiveness Scale resting-state fMRI,Association of ventral striatum monoamine oxidase-A binding and functional connectivity in antisocial personality disorder with high impulsivity: A positron emission tomography and functional magnetic resonance imaging study.,2016,European neuropsychopharmacology : the journal of the European College of Neuropsychopharmacology,ventral striatum,functional connectivity,impulsivity (general),ASPD,association,lower,low MAO-A level in the VS,indirect,moderate,"Additionally, VSs-DMPFC FC was negatively correlated with NEO Personality Inventory-Revised impulsivity (r=-0.49, p=0.03), as was VSi-hippocampus FC with Barratt Impulsiveness Scale-11 motor impulsiveness (r=-0.50, p=0.03).",26908392,single_stage:qwen2.5-7b-instruct,
pubmed,36912839,trait impulsivity resting-state fMRI,Identifying Replicable Subgroups in Neurodevelopmental Conditions Using Resting-State Functional Magnetic Resonance Imaging Data.,2023,JAMA network open,functional connectome,unknown,unknown,"neurodevelopmental conditions (ASD, ADHD, OCD)",association,higher,resting-state functional magnetic resonance imaging (fMRI),indirect,moderate,"For example, there was a significant difference in Strengths and Weaknesses ADHD Symptoms and Normal Behavior Hyperactivity/Impulsivity subscale (SWAN-HI) between 2 subgroups in the POND data (C and D), with subgroup D having increased hyperactivity and impulsivity traits compared with subgroup C (median [IQR], 2.50 [0.00-7.00] vs 1.00 [0.00-5.00]; U = 1.19 × 104; P = .01; η2 = 0.02).",36912839,single_stage:qwen2.5-7b-instruct,
pubmed,24373553,Barratt Impulsiveness Scale neuroimaging,Anhedonia in Parkinson's disease patients with and without pathological gambling: a case-control study.,2014,Psychiatry research,,unknown,unknown,,association,higher,,indirect,moderate,"The PG-group, compared to the ICDs-group and PD-controls, reported a significantly higher incidence of anhedonia (45% vs. 9% vs. 14% respectively), higher Snaith-Hamilton Pleasure Scale (SHAPS) scores (2.0±1.3 vs. 1.0±1.1 vs. 1.0±1.2), higher levels of impulsivity traits as measured by the Barratt Impulsiveness Scale (70.0±10.6 vs. 64.8±11 vs. 60.9±9.3) and more severe frontal dysfunctions (Frontal Assessment Battery, FAB: 12.4±4.9 vs. 15.5±1.6 vs. 14.4±3).",24373553,single_stage:qwen2.5-7b-instruct,high
pubmed,33426970,Barratt Impulsiveness Scale neuroimaging,Add-on repetitive transcranial magnetic stimulation in patients with opioid use disorder undergoing methadone maintenance therapy.,2021,The American journal of drug and alcohol abuse,dorsolateral prefrontal cortex,unknown,impulsivity (general),opioid use disorder undergoing methadone maintenance therapy,association,lower,repetitive transcranial magnetic stimulation,indirect,moderate,"However, HDRS scores, BIS-11 attentional subscales, and CPTs commission T-scores (C-TS) were significantly lower in the active rTMS group (P = .003, 0.04, and 0.02, respectively) than in the sham group.",33426970,single_stage:qwen2.5-7b-instruct,
pubmed,31383336,trait impulsivity functional connectivity,Hypothesis: Compulsive hoarding as an atavism.,2019,Medical hypotheses,,unknown,unknown,,,unclear,"ancestral mammalian behavior, possibly hard-wired but dormant in present-day humans, activated by traumatic experiences",unclear,,"To support this claim, we describe hoarding in ancestral mammals and provide examples of recurrence of traits, or atavisms, in humans and other mammals, highlighting its implications for neuropsychiatric diseases.",31383336,single_stage:qwen2.5-7b-instruct,0.95
pubmed,25928822,attentional impulsivity resting-state fMRI,Altered resting-state frontoparietal control network in children with attention-deficit/hyperactivity disorder.,2015,Journal of the International Neuropsychological Society : JINS,frontoparietal control network,functional connectivity,attentional impulsivity,"children with ADHD (7-14 years; mean 9.94 ± 1.77 years; 20 males), and 25 age-, sex-, and performance IQ-matched typically developing (TD) children",weaker connectivity,unclear,"impulsivity, opposition-defiance, impaired response inhibition and attentional control",indirect,moderate,"Compared with TD children, children with ADHD demonstrated weaker connectivity between the right anterior prefrontal cortex (PFC) and the right ventrolateral PFC, and between the left anterior PFC and the right inferior parietal lobule.",25928822,single_stage:qwen2.5-7b-instruct,high
pubmed,9571295,attentional impulsivity functional connectivity,Frontal lobe functions and dysfunctions.,1998,Clinical EEG (electroencephalography),frontal lobe,functional connectivity,unknown,frontobasal impairment,impairment leads to,unclear,inhibitory influences on prefrontal functioning,direct,moderate,Disinhibitory frontal lobe syndromes (from tactlessness to aggression) are the result of frontobasal impairment.,9571295,single_stage:qwen2.5-7b-instruct,
pubmed,22901705,motor impulsivity resting-state fMRI,Alterations in regional homogeneity of resting-state brain activity in internet gaming addicts.,2012,Behavioral and brain functions : BBF,"brainstem, inferior parietal lobule, left posterior cerebellum, left middle frontal gyrus, temporal, occipital and parietal brain regions",BOLD variability,unknown,resting-state fMRI,show enhanced ReHo in sensory-motor coordination related brain regions and decreased ReHo in visual and auditory related brain regions,lower,long-time online game playing,indirect,moderate,"Comparing to the healthy controls, IGA subjects show enhanced ReHo in brainstem, inferior parietal lobule, left posterior cerebellum, and left middle frontal gyrus. All of these regions are thought related with sensory-motor coordination. In addition, IGA subjects show decreased ReHo in temporal, occipital and parietal brain regions. These regions are thought responsible for visual and auditory functions.",22901705,single_stage:qwen2.5-7b-instruct,
pubmed,34851976,attentional impulsivity resting-state fMRI,Differential structure-function network coupling in the inattentive and combined types of attention deficit hyperactivity disorder.,2021,PloS one,"default mode network (DMN), executive control network (ECN), salience network (SAN)",structural connectivity,unknown,attention deficit hyperactivity disorder (ADHD),structure-function network coupling,higher,diminished cognitive flexibility,indirect,moderate,"Children with ADHD-C had higher SC-FC coupling, a finding consistent with diminished cognitive flexibility, for all subnetworks compared to TDC.",34851976,single_stage:qwen2.5-7b-instruct,
pubmed,28174127,attentional impulsivity resting-state fMRI,Altered functional connectivity in default mode network in Internet gaming disorder: Influence of childhood ADHD.,2017,Progress in neuro-psychopharmacology & biological psychiatry,default mode network (DMN),functional connectivity,unknown,influence of childhood ADHD,expanded,unclear,executive control,indirect,moderate,"IGD subjects without childhood ADHD showed expanded functional connectivity (FC) between DMN-related regions (PCC, medial prefrontal cortex, thalamus) compared with controls.",28174127,single_stage:qwen2.5-7b-instruct,
pubmed,28860514,trait impulsivity resting-state fMRI,Delay discounting is associated with the fractional amplitude of low-frequency fluctuations and resting-state functional connectivity in late adolescence.,2017,Scientific reports,dorsal anterior cingulate cortex (dACC) and left dorsolateral prefrontal cortex (DLPFC),BOLD variability,impulsivity (general),,association,higher,functional brain basis,indirect,moderate,"At the regional level, we found an association between higher DD and greater fALFF in the dorsal anterior cingulate cortex (dACC), which is involved in conflict monitoring and strategy adaptation. At the connectivity level, DD was positively correlated with the RSFC between the dACC and the left dorsolateral prefrontal cortex (DLPFC), a critical functional circuit in the cognitive control network.",28860514,single_stage:qwen2.5-7b-instruct,high
pubmed,37673288,impulsivity resting-state fMRI functional connectivity,Resting-state functional magnetic resonance imaging alterations in borderline personality disorder: A systematic review.,2023,Journal of affective disorders,"default mode network (DMN), salience network (SN), and central executive network (CEN)",functional connectivity,unknown,comparative study with healthy controls,aberrant,unclear,alterations in resting-state functional connectivity,indirect,moderate,"Overall, aberrant resting-state functional connectivity (rs-FC) within and between default mode network (DMN), salience network (SN), and central executive network (CEN) were observed in BPD compared to healthy controls, as well as selective functional impairments in bilateral amygdala, anterior and posterior cingulate cortex, hippocampus, and prefrontal cortex.",37673288,single_stage:qwen2.5-7b-instruct,0.95
pubmed,28777996,impulsivity fMRI functional connectivity,Neural connectivity moderates the association between sleep and impulsivity in adolescents.,2017,Developmental cognitive neuroscience,prefrontal cortex and default mode network,unknown,impulsivity (general),,moderates,lower,neural functioning,indirect,strong,"Poor sleep quality was related to greater affect-related impulsivity among adolescents with low, but not high, connectivity, suggesting neural functioning relates to individual differences linking sleep quality and impulsivity.",28777996,single_stage:qwen2.5-7b-instruct,
pubmed,37209127,impulsivity neuroimaging functional connectivity,Reduced loss aversion in value-based decision-making and edge-centric functional connectivity in patients with internet gaming disorder.,2023,Journal of behavioral addictions,"left IFG, right hippocampus, right caudate",functional connectivity,unknown,internet gaming disorder,negative correlation,unclear,promoted bottom-to-up neuromodulation from the right hippocampus to the left IFG,direct,strong,"In addition, reduced loss aversion was negatively correlated with the promoted bottom-to-up neuromodulation from the right hippocampus to the left IFG in PIGD.",37209127,single_stage:qwen2.5-7b-instruct,
pubmed,26648853,Barratt Impulsiveness Scale neuroimaging,Impulsivity is Associated with Increased Metabolism in the Fronto-Insular Network in Parkinson's Disease.,2015,Frontiers in behavioral neuroscience,fronto-insular network,unknown,impulsivity (general),Parkinson's disease,association,higher,increased FDG-metabolism,indirect,moderate,"Voxel-wise group comparison revealed higher FDG-metabolism in the orbitofrontal cortex (OFC), anterior cingulate cortex (ACC), and right insula in patients with higher impulsivity scores.",26648853,single_stage:qwen2.5-7b-instruct,
pubmed,26460483,Barratt Impulsiveness Scale fMRI,Lateral prefrontal model-based signatures are reduced in healthy individuals with high trait impulsivity.,2015,Translational psychiatry,right lateral prefrontal cortex,unknown,impulsivity (general),healthy individuals,reduced,lower,model-based control,direct,strong,Right lateral prefrontal model-based signatures were reduced in high-impulsive individuals.,26460483,single_stage:qwen2.5-7b-instruct,
pubmed,25738502,impulsivity resting-state fMRI functional connectivity,Decreased prefrontal lobe interhemispheric functional connectivity in adolescents with internet gaming disorder: a primary study using resting-state FMRI.,2015,PloS one,prefrontal lobe,functional connectivity,unknown,adolescents,decreased,unclear,altered interhemispheric rsFC,indirect,moderate,"Compared to healthy controls, IGD participants showed decreased VMHC between the left and right superior frontal gyrus (orbital part), inferior frontal gyrus (orbital part), middle frontal gyrus and superior frontal gyrus.",25738502,single_stage:qwen2.5-7b-instruct,
pubmed,29034964,Barratt Impulsiveness Scale fMRI,Hemispheric asymmetry of the frontolimbic cortex in young adults with borderline personality disorder.,2017,Acta psychiatrica Scandinavica,frontolimbic cortex,unknown,unknown,patients with BPD vs healthy controls,greater asymmetry,unclear,correlated with a higher score in attention subscale of Barratt Impulsiveness Scale,indirect,moderate,"Furthermore, greater asymmetry of AI&ACC correlated with a higher score in attention subscale of Barratt Impulsiveness Scale.",29034964,single_stage:qwen2.5-7b-instruct,
pubmed,39796107,Barratt Impulsiveness Scale fMRI,The Relationship Between Impulsivity Traits and In Vivo Cerebral Serotonin Transporter and Serotonin 2A Receptor Binding in Healthy Individuals: A Double-Tracer PET Study with C-11 DASB and C-11 MDL100907.,2024,International journal of molecular sciences,"caudate, prefrontal cortex, ventromedial prefrontal cortex, orbitofrontal cortex, insula, amygdala, putamen, ventral striatum, thalamus",unknown,impulsivity (general),healthy individuals,correlation,higher,"serotonergic neurotransmission, particularly 5-HT2A receptor-mediated postsynaptic signaling",indirect,significant at Bonferroni-corrected p < 0.0045 for some regions; uncorrected p < 0.05 for others,"The region of interest (ROI)-based partial correlation analysis with age, sex, and temperament traits as covariates revealed a significant positive correlation between non-planning impulsiveness and [11C]MDL100907 BPND in the caudate (CAU) at Bonferroni-corrected p < 0.0045.",39796107,single_stage:qwen2.5-7b-instruct,High
pubmed,32121585,nonplanning impulsivity functional connectivity,"Random Forest Classification of Alcohol Use Disorder Using EEG Source Functional Connectivity, Neuropsychological Functioning, and Impulsivity Measures.",2020,"Behavioral sciences (Basel, Switzerland)",default mode network (DMN),EEG connectivity,unknown,classification of individuals with AUD from unaffected controls,functional connectivity and neuropsychological measures are associated with AUD,higher,aberrant network functioning during resting state suggestive of neural hyperexcitability and impulsivity,indirect,moderate,"The AUD group showed a predominant pattern of hyperconnectivity among 25 of 29 significant connections, indicating aberrant network functioning during resting state suggestive of neural hyperexcitability and impulsivity.",32121585,single_stage:qwen2.5-7b-instruct,
pubmed,31284029,impulsivity resting-state fMRI functional connectivity,Genetic contribution to the phenotypic correlation between trait impulsivity and resting-state functional connectivity of the amygdala and its subregions.,2019,NeuroImage,amygdala and its subregions,functional connectivity,impulsivity (general),,correlation,higher,genetic overlap,indirect,strong,"Bivariate genetic modelling analyses found genetic overlaps between trait impulsivity and the rsFC of the left full amygdala or the left BL amygdala with the right DLPFC. The proportions of phenotypic associations accounted for by overlapping genes were 82% and 60%, respectively.",31284029,single_stage:qwen2.5-7b-instruct,
pubmed,41932505,motor impulsivity resting-state fMRI,Intrinsic functional connectivity alterations in medication-naïve children with combined and inattentive ADHD types: Evidence from cortical surface-based analysis.,2026,Journal of affective disorders,"default mode (DMN), ventral attentional (VAN), somatosensory-motor (SMN)",functional connectivity,unknown,medication-naïve children,disruptions in functional connectivity,lower,sensorimotor and attentional deficits,indirect,strong,"Crucially, ADHD-C patients demonstrated significantly weaker intra-SMN and SMN-DMN connectivity than the ADHD-I group.",41932505,single_stage:qwen2.5-7b-instruct,high
pubmed,35007715,impulsivity fMRI functional connectivity,Risk-taking in humans and the medial orbitofrontal cortex reward system.,2022,NeuroImage,"medial orbitofrontal cortex, ventromedial prefrontal cortex (VMPFC), and the parahippocampal areas",functional connectivity,impulsivity (general),UK Biobank participants,higher functional connectivity,higher,"higher connectivity with the anterior cingulate cortex, providing a route for these reward-related regions to have a greater influence on action in risk-taking individuals",direct,"significant (p < 0.001, FDR corrected)","Functional connectivities of the medial orbitofrontal cortex, ventromedial prefrontal cortex (VMPFC), and the parahippocampal areas were significantly higher in the risk-taking group (p < 0.001, FDR corrected).",35007715,single_stage:qwen2.5-7b-instruct,
pubmed,40630648,Barratt Impulsiveness Scale fMRI,Identifying a Biological Signature of Trauma-Related Neurodegeneration Following Repeated Traumatic Brain Injuries Compared with Healthy Controls.,2025,Neurotrauma reports,,unknown,unknown,,,unclear,,unclear,,"Surveys included the Neurobehavioral Symptom Inventory (NSI), Insomnia Severity Index (ISI), Epworth Sleepiness Severity (ESS), PTSD Checklist for DSM-5 (PCL-5), Brief Symptom Inventory-18 (BSI-18), Satisfaction with Life Scale (SWLS), Barratt Impulsivity Scale (BIS), and Buss Perry Aggression Questionnaire (BPAQ).",40630648,single_stage:qwen2.5-7b-instruct,
pubmed,40193128,impulsivity neuroimaging functional connectivity,Subthalamic Deep Brain Stimulation: Mapping Non-Motor Outcomes to Structural Connections.,2025,Human brain mapping,subthalamic nucleus,functional connectivity,impulsivity (general),Parkinson's Disease,association,higher,stimulation of specific fiber bundles,indirect,moderate,"Using DBS fiber filtering, we identified the structural connections whose stimulation was associated with change along these dimensions.",40193128,single_stage:qwen2.5-7b-instruct,high
pubmed,32987241,impulsivity fMRI functional connectivity,Intrinsic functional connectivity of the default mode and cognitive control networks relate to change in behavioral performance over two years.,2020,Cortex; a journal devoted to the study of the nervous system and behavior,cognitive control network (CCN) and default mode network (DMN),functional connectivity,unknown,healthy individuals,association,higher,plastic change in intrinsic connectivity,direct,moderate,"Additionally, decreased connectivity between posterior parietal CCN and DMN nodes and decreased connectivity between left and right dorsolateral prefrontal nodes was associated with increased cognitive performance.",32987241,single_stage:qwen2.5-7b-instruct,
pubmed,26830141,Barratt Impulsiveness Scale resting-state fMRI,Midbrain functional connectivity and ventral striatal dopamine D2-type receptors: link to impulsivity in methamphetamine users.,2016,Molecular psychiatry,mesocorticolimbic system,functional connectivity,impulsivity (general),methamphetamine-dependent individuals,correlation,higher,ventral striatal D2-type receptor signaling affects the system-level activity within the mesocorticolimbic system,indirect,moderate,"In Study 2, an interaction of the group with RSFC on impulsivity was observed. Methamphetamine-dependent users exhibited a positive relationship of midbrain RSFC to the left ventral striatum with cognitive impulsivity, whereas a negative relationship was observed in healthy controls.",26830141,single_stage:qwen2.5-7b-instruct,
pubmed,41281564,motor impulsivity functional connectivity,Associations between structural injury and task-based corticomuscular connectivity after stroke.,2025,Frontiers in neurology,"corticospinal tract, sensorimotor cortex, muscles",structural connectivity,unknown,early subacute stroke,correlation,lower,post-stroke structural injury modulates task-based corticomuscular connectivity,indirect,moderate,Findings exclusive to CST injury/integrity subgroups underscore the complexity of structure-function relationships in stroke. Associations between CMC measures in motor-relevant frequency bands with measures reflecting CST microstructure suggest that post-stroke structural injury modulates task-based corticomuscular connectivity.,41281564,single_stage:qwen2.5-7b-instruct,0.9
pubmed,38018143,trait impulsivity functional connectivity,Converging Evidence for Frontopolar Cortex as a Target for Neuromodulation in Addiction Treatment.,2024,The American journal of psychiatry,frontopolar cortex,unknown,unknown,transcranial brain stimulation,promising therapeutic target,unclear,converging multimodal evidence,unclear,converging evidence,"This approach is supported by converging multimodal evidence, including lesion-based maps, functional MRI-based maps, tES studies, TMS studies, and dose-response relationships.",38018143,single_stage:qwen2.5-7b-instruct,high
pubmed,25925985,motor impulsivity resting-state fMRI,Impaired corticostriatal connectivity in impulse control disorders in Parkinson disease.,2015,Neurology,corticostriatal,functional connectivity,impulsivity (general),Parkinson disease,association,unclear,altered connectivity between an associative striatal area (the left anterior putamen) and associative and limbic cortical regions (the left inferior temporal gyrus and the left anterior cingulate gyrus),indirect,moderate,"The presence of an ICD in patients with PD was associated with functional disconnection between the left anterior putamen and both the left inferior temporal gyrus and the left anterior cingulate gyrus, as well as a trend toward a functional disconnection between several motor and associative striatal regions and limbic, associative, and motor cortical regions.",25925985,single_stage:qwen2.5-7b-instruct,high
pubmed,29946511,trait impulsivity functional connectivity,Abnormal cortical gyrification in criminal psychopathy.,2018,NeuroImage. Clinical,cortical,unknown,unknown,Hare Psychopathy Checklist-Revised (PCL-R),negative association,lower,neurodevelopmental cortical connectivity,indirect,moderate,PCL-R Factor 1 scores (interpersonal/affective traits) predicted less LGI within the right MCC and adjacent dorsomedial frontal cortex and greater LGI in bilateral occipital cortex.,29946511,single_stage:qwen2.5-7b-instruct,high
pubmed,40260305,motor impulsivity functional connectivity,Effective connectivity analysis of response inhibition functional network.,2025,Frontiers in neuroscience,"salience network (SN), right and left executive control networks (ECNs), ventral default mode network (vDMN), somatomotor network (SMN)",functional connectivity,motor impulsivity,response inhibition,causal influence,unclear,"interhemispheric integration, causal excitatory modulation",direct,significant,"We observed a significant causal inhibitory influence from the vDMN to the left ECN (lECN). Under conditions of unsuccessful response inhibition, the SN, bilateral ECNs, and somatomotor network (SMN) were found to be prominently activated. Furthermore, we identified a significant correlation between the inhibitory influence from the SMN to the SN and the commission error rate. Finally, correlation analyses between self-reported impulsivity levels and causal network interactions revealed that highly impulsive individuals require greater interhemispheric integration between the right and left ECNs for effective inhibition, as well as a causal excitatory modulation from the right executive control network (rECN) to the vDMN.",40260305,single_stage:qwen2.5-7b-instruct,high
pubmed,31427669,Barratt Impulsiveness Scale fMRI,The Effect of Mindfulness Meditation on Impulsivity and its Neurobiological Correlates in Healthy Adults.,2019,Scientific reports,"frontostriatal, cortico-striatal-thalamic",structural connectivity,impulsivity (general),healthy adults,no change,unclear,mindfulness intervention,indirect,moderate,"an eight-week mindfulness intervention did not reduce impulsivity on the go/no-go task or Barratt Impulsiveness Scale (BIS-11), nor produce changes in neural correlates of impulsivity (i.e. frontostriatal gray matter, functional connectivity, and dopamine levels) compared to active or wait-list control groups.",31427669,single_stage:qwen2.5-7b-instruct,
pubmed,18479820,Barratt Impulsiveness Scale fMRI,An event-related fMRI study on risk taking by healthy individuals of high or low impulsiveness.,2008,Neuroscience letters,"insula-orbitofrontal-parietal regions, lateral prefrontal and anterior cingulate regions",unknown,impulsivity (general),scores on the Barratt Impulsiveness Scale (BIS),association,higher,comprehension of cognitive and affective information associated with risk-taking decision making,indirect,moderate,We demonstrated that a stronger activation in the insula-orbitofrontal-parietal regions was found in the high impulsiveness group compared to the low impulsiveness group.,18479820,single_stage:qwen2.5-7b-instruct,
pubmed,40334458,attentional impulsivity resting-state fMRI,Temporal variability-based alternations in dynamic functional networks in internet gaming disorder.,2025,Journal of psychiatric research,"default mode network (DMN), ventral attention network (VAN), sensorimotor network (SMN), limbic network (LN)",BOLD variability,unknown,resting-state fMRI data,"decreased within-network variability in DMN, increased within-network temporal variability in VAN, increased between-network temporal variability in SMN and VAN, SMN and LN, VAN and LN",unclear,"impaired executive inhibitory functions and attention, imbalances between sensory-attention, sensory-emotion, and emotion-motivation functions",direct,strong,"Compared to RGUs, IGD individuals exhibited decreased within-network variability in the default mode network (DMN), increased within-network temporal variability in the ventral attention network (VAN), and increased between-network temporal variability in sensorimotor network (SMN) and VAN, SMN and limbic network (LN), VAN and LN.",40334458,single_stage:qwen2.5-7b-instruct,high
pubmed,30504061,Barratt Impulsiveness Scale neuroimaging,Relationship between quality of life in young adults and impulsivity/compulsivity✰.,2019,Psychiatry research,,unknown,unknown,,worse quality of life,higher,,direct,significant,"Worse quality of life was also significantly explained by higher impulsiveness on the Barratt scale, and by relative impairments in extra-dimensional set-shifting and quality of decision-making.",30504061,single_stage:qwen2.5-7b-instruct,0.95
pubmed,15309395,Barratt Impulsiveness Scale fMRI,Negative correlation between right prefrontal activity during response inhibition and impulsiveness: a fMRI study.,2004,European archives of psychiatry and clinical neuroscience,right dorsolateral prefrontal cortex (RDLPFC),unknown,motor impulsivity,Go/No-Go task,negative correlation,lower,response inhibition,direct,strong,A negative correlation was observed between the motor impulsiveness of BIS-11 and No-Go-related activation in the right dorsolateral prefrontal cortex (RDLPFC).,15309395,single_stage:qwen2.5-7b-instruct,high
pubmed,42146757,impulsivity resting state functional connectivity,Resting-State Functional Connectivity Alterations in Pediatric Survivors of Severe COVID-19: An Exploratory Case-Control Study.,2026,Sage open pediatrics,,unknown,impulsivity (general),post-COVID,showed,lower,,unclear,,"In an exploratory subset (8 post-COVID, 12 controls), 50% of post-COVID children had abnormally low Timeliness and 25% low Impulsivity MOXO-d-CPT z-scores, whereas no controls were abnormal.",42146757,single_stage:qwen2.5-7b-instruct,
pubmed,41098856,trait impulsivity functional connectivity,The CB1 receptor: linking impulsivity and substance use disorder.,2025,Frontiers in neuroscience,"hippocampus, cerebellum, prefrontal cortex",functional connectivity,impulsivity (general),substance use disorders (SUDs),modulation of impulsive behavior,unclear,CB1R signaling,indirect,strong,"In particular, the hippocampus and cerebellum contribute to the modulation of impulsive behavior through their connectivity with prefrontal and limbic circuits.",41098856,single_stage:qwen2.5-7b-instruct,
pubmed,29040723,impulsivity resting-state fMRI functional connectivity,Resting-state functional connectivity in combat veterans suffering from impulsive aggression.,2017,Social cognitive and affective neuroscience,amygdala and prefrontal regions,functional connectivity,impulsivity (general),combat veterans,reduced,unclear,impaired top-down regulation,indirect,moderate,"In exploratory cluster analyses, we observed reduced functional connectivity between the (bilateral) BLA and left dorsolateral prefrontal cortex in the impulsive aggression group, relative to combat controls.",29040723,single_stage:qwen2.5-7b-instruct,
pubmed,31801105,motor impulsivity resting-state fMRI,A preliminary study of disrupted functional network in individuals with Internet gaming disorder: Evidence from the comparison with recreational game users.,2020,Addictive behaviors,"reward, craving, emotional memory and sensory-motor processing regions",unknown,unknown,compared with recreational game users (RGU),increased,unclear,"functional network dysfunction, characterized by heightened incentive motivation and sensory-motor coordination",indirect,moderate,"subjects with IGD as compared to those with RGU showed increased nodal centralities in the reward, craving, emotional memory and sensory-motor processing regions.",31801105,single_stage:qwen2.5-7b-instruct,
pubmed,30277562,impulsivity fMRI functional connectivity,The role of the dorsal striatum in choice impulsivity.,2019,Annals of the New York Academy of Sciences,dorsal striatum,unknown,impulsivity (general),,associations,higher,"caudate, ventral-to-dorsal gradient in the dorsal striatum, origins of striatal afferents, developmental maturation of frontostriatal connectivity during adolescence",indirect,moderate,"In principle, intertemporal choice in the delay-discounting task-a validated measure of choice impulsivity-involves reward-associated actions that require the recruitment of the dorsal striatum.",30277562,single_stage:qwen2.5-7b-instruct,
pubmed,28189592,impulsivity fMRI functional connectivity,Dissociable frontostriatal white matter connectivity underlies reward and motor impulsivity.,2017,NeuroImage,frontostriatal white matter,structural connectivity,impulsivity (general),,association,higher,structural connectivity,direct,strong,"We found a double dissociation such that individual differences in white matter connectivity between the ventral striatum and the ventromedial prefrontal cortex and dorsolateral prefrontal cortex was associated with reward impulsivity, as measured by delay discounting, whereas connectivity between dorsal striatum and supplementary motor area was associated with motor impulsivity, but not vice versa.",28189592,single_stage:qwen2.5-7b-instruct,
pubmed,32035425,impulsivity fMRI functional connectivity,Ventromedial prefrontal value signals and functional connectivity during decision-making in suicidal behavior and impulsivity.,2020,Neuropsychopharmacology : official publication of the American College of Neuropsychopharmacology,ventromedial prefrontal cortex (vmPFC),functional connectivity,impulsivity (general),depressed individuals with and without suicidal behavior,disrupted,lower,moderating effect of impulsivity on vmPFC-frontoparietal connectivity,indirect,moderate,"In nonpsychiatric controls, vmPFC-frontoparietal connectivity was negatively moderated by impulsivity (pFWE corrected < 0.05). This effect was preserved in comparison patient groups but abolished in suicide attempters (p < 0.001).",32035425,single_stage:qwen2.5-7b-instruct,high
pubmed,27095357,Barratt Impulsiveness Scale fMRI,Sex differences in impulsivity and brain morphometry in methamphetamine users.,2017,Brain structure & function,"frontal cortex, nucleus accumbens",unknown,unknown,METH users vs. Controls,association,higher,"dendritic pruning, neurotoxicity, estrogen-mediated neuroprotective glial response",indirect,moderate,"Compared with same-sex Controls, male METH users had larger, while female METH users had smaller, right superior frontal cortex (interaction-p = 0.0005). The male METH users with larger frontal volumes and female METH users with smaller or thinner frontal cortices had greater Cognitive impulsivity (interaction-p ≤ 0.05). Only female METH users showed relatively larger nucleus accumbens (interaction-p = 0.03).",27095357,single_stage:qwen2.5-7b-instruct,
pubmed,34461353,Barratt Impulsiveness Scale fMRI,Impulsivity is related to overhasty risk learning in attention-deficit/hyperactivity disorder: A computational psychiatric approach.,2021,Journal of psychiatric research,"frontal lobe, including the orbitofrontal area",unknown,unknown,attention-deficit/hyperactivity disorder (ADHD),related,higher,overhasty updating of beliefs during risk learning,indirect,moderate,"The degree of overhasty learning in ADHD patients was significantly correlated with the BIS score (r = 0.424, p = 0.009).",34461353,single_stage:qwen2.5-7b-instruct,
pubmed,40168432,trait impulsivity functional connectivity,Protocol for a Randomized Controlled Trial to Enhance Executive Function via Brief Mindfulness Training in Individuals with Internet Gaming Disorder.,2025,PloS one,,unknown,unknown,Individuals diagnosed with IGD,functional connectivity,unclear,,unclear,,"Primary outcome measures will include electroencephalography (EEG) data (band power, functional connectivity, source localization, and N2/P3 amplitudes),",40168432,single_stage:qwen2.5-7b-instruct,0.9
pubmed,23770040,Barratt Impulsiveness Scale neuroimaging,Resting-state beta and gamma activity in Internet addiction.,2013,International journal of psychophysiology : official journal of the International Organization of Psychophysiology,EEG,unknown,unknown,Barratt Impulsiveness Scale-11 and a stop-signal task,related,higher,impulsivity and impaired inhibitory control,indirect,moderate,"The Internet addiction group showed lower absolute power on the beta band than did the control group (estimate = -3.370, p < 0.01). On the other hand, the Internet-addiction group showed higher absolute power on the gamma band than did the control group (estimate = 0.434, p < 0.01).",23770040,single_stage:qwen2.5-7b-instruct,
pubmed,29337234,Barratt Impulsiveness Scale neuroimaging,Electrophysiological Activity Prior to Self-initiated Movements is Related to Impulsive Personality Traits.,2018,Neuroscience,motor system,unknown,impulsivity (general),impulsivity trait assessment using the Barratt Impulsiveness Scale (BIS-11),positive relationship,higher,less effective preparatory inhibition mechanisms,direct,moderate,"In particular, the RP showed an earlier negative rising phase and a greater amplitude, with the increasing of BIS-11 scores.",29337234,single_stage:qwen2.5-7b-instruct,
pubmed,29454934,Barratt Impulsiveness Scale resting-state fMRI,Time scale properties of task and resting-state functional connectivity: Detrended partial cross-correlation analysis.,2018,NeuroImage,"pre-supplementary motor area, medial prefrontal cortex, default mode network, task networks",unknown,impulsivity (general),"functional connectivity analysis, stop signal task",correlation,lower,low frequency fluctuations of BOLD signals,direct,moderate,"In regions of interest analysis, the within-network connectivity time scale of the pre-supplementary motor area - a medial prefrontal cortical structure of the task network and critical to proactive inhibitory control - correlated inversely with Barratt impulsivity and stop signal reaction time.",29454934,single_stage:qwen2.5-7b-instruct,
pubmed,38451271,trait impulsivity functional connectivity,Trait anxiety and corresponding neuromarkers predict internet addiction: A longitudinal study.,2024,Journal of behavioral addictions,"cognitive control and emotion-regulation circuits, default mode network (DMN)",functional connectivity,unknown,trait anxiety (TA),predictive,higher,mediated by stressful life events and correlated functional connectivity,unclear,significant,"CPM results revealed that the functional connectivity of cognitive control and emotion-regulation circuits and DMN were significantly correlated with TA. Furthermore, a significant association was found between the neuromarkers of TA and IA.",38451271,single_stage:qwen2.5-7b-instruct,
pubmed,37887440,impulsivity resting-state fMRI functional connectivity,"Neurophysiological, Neuroimaging, and Neuropsychological Predictors of Human Alcoholism and Risk.",2023,"Behavioral sciences (Basel, Switzerland)",Reward network,functional connectivity,unknown,Differentiating individuals with and without Alcohol Use Disorder,predicting,higher,Impulsivity measures,indirect,moderate,"Differentiating Individuals with and without Alcohol Use Disorder Using Resting-State fMRI Functional Connectivity of Reward Network, Neuropsychological Performance, and Impulsivity Measures",37887440,single_stage:qwen2.5-7b-instruct,
pubmed,30616125,Barratt Impulsiveness Scale neuroimaging,A multi-dimensional evaluation of craving and impulsivity among people admitted for alcohol-related problems in emergency department.,2019,Psychiatry research,,unknown,unknown,alcohol misuse,predicts,higher,,direct,moderate,"Regression analyses showed that the scores obtained at the compulsive subscale of the OCDS, at the VAS and at the Urgency subscale of impulsivity constitute the main predictors of the severity of alcohol-use disorders (indexed by the AUDIT).",30616125,single_stage:qwen2.5-7b-instruct,high
pubmed,27894158,attentional impulsivity resting-state fMRI,Craving behavioral intervention for internet gaming disorder: remediation of functional connectivity of the ventral striatum.,2018,Addiction biology,ventral striatum,functional connectivity,unknown,psychobehavioral intervention,decrease in connectivity,lower,potential biomarker of the efficacy of psychobehavioral intervention,indirect,moderate,"Moreover, compared with CBI-, CBI+ showed significantly greater decrease in VS-lIPL connectivity, along with amelioration in addiction severity following the intervention.",27894158,single_stage:qwen2.5-7b-instruct,
pubmed,37561637,attentional impulsivity resting-state fMRI,Abnormal frontostriatal connectivity and serotonin function in gambling disorder: A preliminary exploratory study.,2023,Journal of behavioral addictions,frontostriatal,functional connectivity,unknown,right hemisphere,associated with,unclear,serotonergic function,indirect,moderate,Individuals with gambling disorder showed loss of functional connectivity between the right nucleus accumbens (NAcc) and a region in the right dorsolateral prefrontal cortex (DLPFC) (PFWE <0.05).,37561637,single_stage:qwen2.5-7b-instruct,
pubmed,25899520,impulsivity resting-state fMRI functional connectivity,Altered resting-state functional connectivity of the insula in young adults with Internet gaming disorder.,2016,Addiction biology,insula,functional connectivity,unknown,young adults,enhanced rsFC,higher,"involved in salience, craving, self-monitoring, and attention; interoception, movement control, and auditory processing",direct,strong,"In comparison with HCs, IGD subjects (IGDs) exhibited enhanced rsFC between the anterior insula and a network of regions including anterior cingulate cortex (ACC), putamen, angular gyrus, and precuneous, which are involved in salience, craving, self-monitoring, and attention.",25899520,single_stage:qwen2.5-7b-instruct,
