record_id,pmid,title,year,journal,query,extracted_brain_system,extracted_feature_type,extracted_phenotype,extracted_diagnostic_context,extracted_relationship,extracted_direction,extracted_mechanism,extracted_directness,evidence_strength,supporting_sentence,schema_valid,schema_issues,citation_valid,sentence_present,sentence_anchored,semantic_support_score,phenotype_correct,feature_type_correct,relationship_correct,direction_correct,overclaiming_flag,hallucination_flag,review_decision,review_notes
1,27942448,Brain connectivity aberrations in anabolic-androgenic steroid users.,2017,NeuroImage. Clinical,impulsivity neuroimaging functional connectivity,default mode network,functional connectivity,impulsivity (general),unknown,associated_with,lower,,direct,0.8,"current users exhibited reduced functional connectivity between key nodes involved in emotional and cognitive regulation, in particular reduced connectivity between the amygdala and default-mode network (DMN) and between the dorsal attention network (DAN) and a frontal node encompassing the superior and inferior frontal gyri (SFG/IFG) and the anterior cingulate cortex (ACC), with further reductions as a function of dependency, lifetime exposure, and cycle state (on/off).",yes,,yes,yes,yes,,,,,,,,,
2,35040662,Role of White Matter Microstructure in Impulsive Behavior.,2022,The Journal of neuropsychiatry and clinical neurosciences,Barratt Impulsiveness Scale fMRI,unknown,structural connectivity,nonplanning impulsivity,unknown,correlates_with,lower,,direct,0.85,"Whole-brain total average FA was inversely correlated with motor impulsiveness (r=-0.32, p=0.007) and positively correlated with nonplanning impulsiveness (r=0.29, p=0.02); these correlations were significant after correction for multiple comparisons.",yes,,yes,yes,yes,,,,,,,,,
3,22749228,Behavioral and cognitive impulsivity in obsessive-compulsive disorder and eating disorders.,2012,Psychiatry research,Barratt Impulsiveness Scale neuroimaging,unknown,unknown,impulsivity (general),"obsessive-compulsive disorder, eating disorder",associated_with,higher,,indirect,0.8,"Compared to controls, both clinical groups reported higher levels of impulsivity on the BIS-11 however; only the OCD demonstrated increased stop-signal reaction time.",yes,,yes,yes,yes,,,,,,,,,
4,26745144,Head Motion and Inattention/Hyperactivity Share Common Genetic Influences: Implications for fMRI Studies of ADHD.,2016,PloS one,trait impulsivity resting-state fMRI,unknown,covariates,impulsivity (general),ADHD,correlates_with,unclear,,indirect,0.7,"HM was moderately correlated with maternal reports of Inattention (r = 0.17, p-value = 7.4E-5) and Hyperactivity-Impulsivity (r = 0.16, p-value = 2.9E-4), and these associations were mainly due to pleiotropic genetic factors with genetic correlations [95% CIs] of rg = 0.24 [0.02, 0.43] and rg = 0.23 [0.07, 0.39].",yes,,yes,yes,yes,,,,,,,,,
5,32464339,Investigation of structure-function correlation among the young offspring of patients with bipolar disorder.,2020,Psychiatry research. Neuroimaging,Barratt Impulsiveness Scale fMRI,unknown,structural connectivity,impulsivity (general),young offspring of patients with bipolar disorder,correlates_with,higher,,direct,0.8,MD values in the cingulum were inversely correlated with the Child and Youth Resilience Measure and positively correlated with higher scores on the Barratt Impulsiveness Scale-Attentional.,yes,,yes,yes,yes,,,,,,,,,
6,38002468,Insula Connectivity Abnormalities Predict Impulsivity in Chronic Heroin Use Disorder: A Cross-Sectional Resting-State fMRI Study.,2023,Brain sciences,Barratt Impulsiveness Scale resting-state fMRI,unknown,functional connectivity,impulsivity (general),heroin use disorder,predicts,higher,,direct,0.9,"Changes in FC between the right insula and the lateral occipital cortex and the right angular gyrus were significantly positively correlated with total trait impulsivity scores, motor impulsivity, and nonplanning impulsivity.",yes,,yes,yes,no,,,,,,,,,
7,31401546,Functional connectivity of emotional well-being: Overconnectivity between default and attentional networks is associated with attitudes of anger and aggression.,2019,Psychiatry research. Neuroimaging,impulsivity fMRI functional connectivity,"default mode network, salience/ventral attention network",functional connectivity,impulsivity (general),unknown,associated_with,higher,impaired effortful control and decreased response inhibition,direct,0.85,functional connectivity between the default and attentional networks was positively correlated with scores of attitudes of anger and aggression,yes,,yes,yes,yes,,,,,,,,,
8,33304251,Neural Basis of Increased Cognitive Control of Impulsivity During the Mid-Luteal Phase Relative to the Late Follicular Phase of the Menstrual Cycle.,2020,Frontiers in human neuroscience,ADHD impulsivity resting-state fMRI connectivity,unknown,functional connectivity,nonplanning impulsivity,attention deficit hyperactivity disorder,correlates_with,lower,cyclical gonadal hormones affect cognitive control of impulsive behavior via DS-dlPFC circuitry,direct,0.8,"DS-dlPFC functional connectivity magnitude correlated negatively with psychometric impulsivity scores during the late FP, consistent with our behavioral data and further indicating that relative estradiol levels may play an important role in augmenting cognitive control.",yes,,yes,yes,yes,,,,,,,,,
9,31907881,Human Brain Imaging Links Dopaminergic Systems to Impulsivity.,2020,Current topics in behavioral neurosciences,motor impulsivity functional connectivity,unknown,functional connectivity,motor impulsivity,unknown,correlates_with,lower,,direct,0.85,striatal D2-type receptor availability shows positive correlation with motor response inhibition and cognitive flexibility.,yes,,yes,yes,yes,,,,,,,,,
10,31886611,Dorsal striatal functional connectivity changes in Internet gaming disorder: A longitudinal magnetic resonance imaging study.,2021,Addiction biology,impulsivity fMRI functional connectivity,unknown,functional connectivity,impulsivity (general),Internet gaming disorder,correlates_with,unclear,,direct,0.75,Young males with IGD showed an altered FC pattern in the dorsal striatum during follow-up. FC of the dorsal striatum in IGD increased in the mPFC and decreased in the MOG.,yes,,yes,yes,yes,,,,,,,,,
11,39218589,[A review of functional electrical stimulation based on brain-computer interface].,2024,Sheng wu yi xue gong cheng xue za zhi = Journal of biomedical engineering = Shengwu yixue gongchengxue zazhi,motor impulsivity functional connectivity,unknown,unknown,unknown,unknown,unknown,unclear,,unclear,,,no,evidence_strength not a number,yes,no,unclear,,,,,,,,,
12,37086305,"Emotion dysregulation, impulsivity and anger rumination in borderline personality disorder: the role of amygdala and insula.",2024,European archives of psychiatry and clinical neuroscience,Barratt Impulsiveness Scale resting-state fMRI,unknown,structural connectivity,impulsivity (general),BPD,correlates_with,lower,,direct,0.7,"A focused analysis on female patients showed a significant reduction of right amygdala volumes in BPD (p = 0.037), that correlate with Difficulties in Emotion Regulation Scale (p = 0.031; r =  - 0.415), Beck Depression Inventory (p = 0.009; r =  - 0.50) and Ruminative Response Scale (p = 0.045; r =  - 0.389).",yes,,yes,yes,yes,,,,,,,,,
13,37992501,Testing the triple network model of psychopathology in a transdiagnostic neurodevelopmental cohort.,2023,NeuroImage. Clinical,impulsivity neuroimaging functional connectivity,"salience/ventral attention network, frontoparietal/control network, default mode network",functional connectivity,impulsivity (general),transdiagnostic neurodevelopmental difficulties,associated_with,higher,"delayed network segregation, difficulties sustaining CEN activity to regulate behavior, heightened developmental mismatch between neural systems",direct,0.8,"Hyperactivity/impulsivity was associated with increased functional connectivity between the SN, CEN, and DMN in at-risk children, whereas it was associated with decreased functional connectivity between the CEN and DMN in comparison children.",yes,,yes,yes,yes,,,,,,,,,
14,40297839,"Hippocampus Functional Connectivity, Impulsivity, and Subsequent Substance Use.",2025,Journal of cellular neuroscience,impulsivity resting-state fMRI functional connectivity,default mode network,functional connectivity,impulsivity (general),unknown,mediates,higher,,direct,0.85,"hippocampal rsFC was significantly associated with impulsivity, which, in turn, predicted higher substance use at follow-up.",yes,,yes,yes,yes,,,,,,,,,
15,24834038,Brain functional connectivity changes in children that differ in impulsivity temperamental trait.,2014,Frontiers in behavioral neuroscience,impulsivity resting-state fMRI functional connectivity,default mode network,functional connectivity,impulsivity (general),unknown,correlates_with,lower,,direct,0.9,We found two DMN clusters located at the posterior cingulate cortex and the right angular gyrus which were negatively correlated with impulsivity scores.,yes,,yes,yes,yes,,,,,,,,,
16,34993375,Brain Networks Associated With COVID-19 Risk: Data From 3662 Participants.,2021,"Chronic stress (Thousand Oaks, Calif.)",trait impulsivity functional connectivity,unknown,functional connectivity,impulsivity (general),unknown,associated_with,unclear,,indirect,0.7,"Overall, lower integration across the brain modules and increased segregation, as reflected by internal within module connectivity, were associated with higher infection rates.",yes,,yes,yes,yes,,,,,,,,,
17,28783574,Go/No-Go task performance predicts differences in compulsivity but not in impulsivity personality traits.,2017,Psychiatry research,Barratt Impulsiveness Scale neuroimaging,unknown,unknown,impulsivity (general),unknown,predicts,higher,,indirect,0.7,"Surprisingly, no relation was found between the Go/No-Go task and the BIS-11 scale.",yes,,yes,yes,yes,,,,,,,,,
18,29442271,Exploring variability in basal ganglia connectivity with functional MRI in healthy aging.,2018,Brain imaging and behavior,impulsivity fMRI functional connectivity,unknown,functional connectivity,impulsivity (general),unknown,unclear,unclear,,indirect,0.3,,yes,,yes,no,unclear,,,,,,,,,
19,12860356,"Impulsivity, gender, and response to fenfluramine challenge in borderline personality disorder.",2003,Psychiatry research,Barratt Impulsiveness Scale neuroimaging,unknown,unknown,impulsivity (general),borderline personality disorder,predicts,higher,,indirect,0.8,Impulsivity and aggression each predicted prolactin responses.,yes,,yes,yes,yes,,,,,,,,,
20,41098388,Functional connectivity in resting-state fMRI (rs-fMRI) in opioid use disorder.,2025,The European physical journal. Special topics,impulsivity resting-state fMRI functional connectivity,"default mode network, salience/ventral attention network",functional connectivity,impulsivity (general),opioid use disorder,correlates_with,lower,,indirect,0.6,Our preliminary rs-fMRI findings reveal significant disruptions in functional connectivity in individuals with opioid addiction within DMN and SN networks involved in cognitive functions such as decision-making and impulse control.,yes,,yes,yes,yes,,,,,,,,,
21,34964209,Neural processes during response inhibition in complex posttraumatic stress disorder.,2022,Depression and anxiety,impulsivity fMRI functional connectivity,unknown,unknown,impulsivity (general),complex posttraumatic stress disorder,associated_with,unclear,,background,0.5,,yes,,yes,no,unclear,,,,,,,,,
22,32699511,Neurobiological mechanisms underlying internet gaming disorder .,2020,Dialogues in clinical neuroscience,impulsivity fMRI functional connectivity,unknown,functional connectivity,impulsivity (general),internet gaming disorder,associated_with,unclear,,direct,0.7,reduced activity in impulse control areas and impaired decision making,yes,,yes,yes,yes,,,,,,,,,
23,14572528,Response inhibition and impulsivity: an fMRI study.,2003,Neuropsychologia,Barratt Impulsiveness Scale fMRI,unknown,BOLD variability,impulsivity (general),unknown,correlates_with,higher,,direct,0.8,"Subjects with greater scores on impulsivity scales and who made more errors had greater activation of paralimbic areas during response inhibition, while less impulsive individuals and those with least errors activated higher order association areas.",yes,,yes,yes,yes,,,,,,,,,
24,10570690,What is attention-deficit/hyperactivity disorder?,1999,Pediatric clinics of North America,attentional impulsivity functional connectivity,unknown,unknown,attentional impulsivity,unknown,unknown,unclear,,background,,,no,evidence_strength not a number,yes,no,unclear,,,,,,,,,
25,39424632,Enhanced ADHD classification through deep learning and dynamic resting state fMRI analysis.,2024,Scientific reports,impulsivity resting-state fMRI functional connectivity,unknown,functional connectivity,impulsivity (general),ADHD classification,associated_with,unclear,,direct,0.85,"Resting-state functional connectivity analysis has emerged as a promising approach for ADHD classification using resting-state functional magnetic resonance imaging (rs-fMRI), although with limited accuracy.",yes,,yes,yes,yes,,,,,,,,,
26,31073695,Binge drinking is associated with altered resting state functional connectivity of reward-salience and top down control networks.,2020,Brain imaging and behavior,impulsivity resting state functional connectivity,"salience/ventral attention network, frontoparietal/control network",functional connectivity,impulsivity (general),"binge drinking, light drinking",associated_with,higher,dysregulation of neurofunctional networks,direct,0.8,BDs demonstrated lower connectivity between the IFC and hippocampus which was associated with higher craving.,yes,,yes,yes,yes,,,,,,,,,
27,27743376,Cortical folding patterns are associated with impulsivity in healthy young adults.,2017,Brain imaging and behavior,Barratt Impulsiveness Scale fMRI,unknown,BOLD variability,impulsivity (general),unknown,associated_with,higher,,direct,0.85,Total and attention scores were positively correlated with cortical folding in several distinct areas: ... (each p < 0.05 CWP corr.).,yes,,yes,yes,no,,,,,,,,,
28,35277392,Prefrontal Cortical Connectivity Mediates Locus Coeruleus Noradrenergic Regulation of Inhibitory Control in Older Adults.,2022,The Journal of neuroscience : the official journal of the Society for Neuroscience,motor impulsivity functional connectivity,unknown,functional connectivity,nonplanning impulsivity,unknown,mediates,unclear,,direct,0.8,"We confirm that better response inhibition is correlated with locus coeruleus integrity and stronger connectivity between presupplementary motor area (preSMA) and right inferior frontal gyrus (rIFG), but not volumes of the prefrontal cortical regions.",yes,,yes,yes,yes,,,,,,,,,
29,39315326,Resting-state brain networks alterations in adolescents with Internet Gaming Disorder associate with cognitive control impairments.,2024,Frontiers in psychiatry,Barratt Impulsiveness Scale resting-state fMRI,"Salience Network, Executive Control Network, Dorsal Attention Network",functional connectivity,impulsivity (general),Internet Gaming Disorder,correlates_with,higher,alterations in resting-state brain networks,direct,0.8,"impulsivity in adolescent IGD subjects showed a positive correlation with the severity of IGD (r=0.6350, p < 0.001), linked to impairments in the Executive Control Network (ECN) and a decrease in functional connectivity between the Salience Network (SN) and ECN (r=0.4307, p=0.0021; r=-0.5147, p=0.0034).",yes,,yes,yes,yes,,,,,,,,,
30,39339712,Investigating the Impact of Nutrition and Oxidative Stress on Attention Deficit Hyperactivity Disorder.,2024,Nutrients,attentional impulsivity functional connectivity,unknown,functional connectivity,attentional impulsivity,Attention deficit hyperactivity disorder (ADHD),associated_with,unclear,,background,,,no,evidence_strength not a number,yes,no,unclear,,,,,,,,,
31,27896939,"A multimodal study of impulsivity and body weight: Integrating behavioral, cognitive, and neuroimaging approaches.",2017,"Obesity (Silver Spring, Md.)",trait impulsivity functional connectivity,unknown,functional connectivity,impulsivity (general),unknown,correlates_with,higher,,direct,0.85,"Further, there was a positive association between BMI and functional connectivity between the right inferior frontal gyrus and right middle frontal gyrus during successful response inhibition.",yes,,yes,yes,yes,,,,,,,,,
32,39592983,Abnormal stability of dynamic functional architecture in drug-naïve children with attention-deficit/hyperactivity disorder.,2024,BMC psychiatry,attentional impulsivity resting-state fMRI,"default mode network, salience/ventral attention network",dynamic connectivity,attentional impulsivity,drug-naïve children with ADHD,correlates_with,unclear,,direct,0.7,This preliminary study provides novel insight into the dynamic brain functional networks in ADHD.,yes,,yes,yes,yes,,,,,,,,,
33,25944613,Nature of functional links in valuation networks differentiates impulsive behaviors between abstinent heroin-dependent subjects and nondrug-using subjects.,2015,NeuroImage,Barratt Impulsiveness Scale resting-state fMRI,unknown,functional connectivity,impulsivity (general),abstinent heroin-dependent subjects and nondrug-using subjects,associated_with,higher,imbalanced functional connectivity between β- and δ-networks,direct,0.8,"the functional link between the β- and δ-networks is imbalanced, with stronger β-network connectivity and weaker δ-network connectivity. The imbalanced link is associated with impulsivity",yes,,yes,yes,no,,,,,,,,,
34,38468374,Functional connectivity alterations in individuals with gaming disorder assessed by functional magnetic resonance imaging: a systematic review.,2025,Journal of addictive diseases,impulsivity fMRI functional connectivity,unknown,functional connectivity,impulsivity (general),Internet Gaming Disorder (IGD),associated_with,unclear,,indirect,0.7,The main findings reveal changes such as significant increases or decreases in functional connectivity in certain regions of the brain.,yes,,yes,yes,yes,,,,,,,,,
35,28423021,Trait impulsivity components correlate differently with proactive and reactive control.,2017,PloS one,Barratt Impulsiveness Scale fMRI,frontoparietal/control network,functional connectivity,nonplanning impulsivity,unknown,correlates_with,higher,,direct,0.9,Higher motor impulsiveness was associated with a larger proactive control effect in the inferior parietal lobule and a smaller reactive control effect in the right dorsolateral prefrontal cortex (DLPFC) and anterior cingulate contex.,yes,,yes,yes,no,,,,,,,,,
36,36963562,Youth Screen Media Activity Patterns and Associations With Behavioral Developmental Measures and Resting-state Brain Functional Connectivity.,2023,Journal of the American Academy of Child and Adolescent Psychiatry,impulsivity resting-state fMRI functional connectivity,unknown,functional connectivity,impulsivity (general),unknown,associated_with,higher,,direct,0.85,"The video-centric higher-frequency SMA pattern group demonstrated higher impulsivity, more sensitivity to punishment/reward, and altered resting-state brain functional connectivity among brain areas implicated previously in cognitive processes.",yes,,yes,yes,yes,,,,,,,,,
37,36747838,Individual Differences in Delay Discounting are Associated with Dorsal Prefrontal Cortex Connectivity in Youth.,2023,bioRxiv : the preprint server for biology,attentional impulsivity resting-state fMRI,default mode network,functional connectivity,nonplanning impulsivity,unknown,associated_with,higher,,direct,0.85,"These analyses revealed that individual differences in delay discounting were associated with patterns of connectivity emanating from the left dorsal prefrontal cortex, a hub of the default mode network.",yes,,yes,yes,yes,,,,,,,,,
38,37884552,Neural correlates of aggression in personality disorders from the perspective of DSM-5 maladaptive traits: a systematic review.,2023,Translational psychiatry,trait impulsivity functional connectivity,unknown,functional connectivity,impulsivity (general),Borderline personality disorder (BPD) and antisocial personality disorder (ASPD),associated_with,unclear,,indirect,0.6,alterations of fronto-temporal-limbic regions and serotonergic and endocannabinoid signaling systems may link impulsivity to aggression in BPD and ASPD,yes,,yes,yes,yes,,,,,,,,,
39,28040671,Decisional impulsivity and the associative-limbic subthalamic nucleus in obsessive-compulsive disorder: stimulation and connectivity.,2017,Brain : a journal of neurology,motor impulsivity resting-state fMRI,unknown,unknown,nonplanning impulsivity,obsessive-compulsive disorder,associated_with,higher,,direct,0.9,We show that stimulation of the subthalamic nucleus is causally implicated in increasing decisional impulsivity with less accumulation of evidence during probabilistic uncertainty and in enhancing delay discounting.,yes,,yes,yes,yes,,,,,,,,,
40,39284401,"Transcranial Magnetic Stimulation-Induced Plasticity Improving Cognitive Control in Obsessive-Compulsive Disorder, Part II: Task-Based Neural Predictors of Treatment Response.",2025,Biological psychiatry,attentional impulsivity functional connectivity,unknown,functional connectivity,attentional impulsivity,Obsessive-Compulsive Disorder,associated_with,lower,,direct,0.75,Lower precuneus activation with increased planning taskload was correlated with symptom reduction in the dorsolateral prefrontal cortex group.,yes,,yes,yes,yes,,,,,,,,,
41,39756804,Altered Functional Connectivity of Prefrontal Cortex-Related Circuitry and Trait Impulsivity in Patients With Bipolar Disorder and History of Suicide Attempts.,2025,Acta psychiatrica Scandinavica,Barratt Impulsiveness Scale resting-state fMRI,unknown,functional connectivity,impulsivity (general),Bipolar Disorder,associated_with,higher,,direct,0.85,BDSA had higher trait impulsivity than BDNS and the controls.,yes,,yes,yes,yes,,,,,,,,,
42,37058964,Impulsivity and self-regulation: A dual-process model of risky driving in young drivers in Iran.,2023,Accident; analysis and prevention,trait impulsivity functional connectivity,unknown,functional connectivity,impulsivity (general),unknown,mediates,unclear,,indirect,,,no,evidence_strength not a number,yes,no,unclear,,,,,,,,,
43,19758706,Are self-injurers impulsive?: Results from two behavioral laboratory studies.,2009,Psychiatry research,Barratt Impulsiveness Scale neuroimaging,unknown,unknown,impulsivity (general),self-injurers,correlates_with,higher,,indirect,0.5,"In both studies, self-injurers reported greater impulsiveness;",yes,,yes,yes,yes,,,,,,,,,
44,29277650,"Macroscale variation in resting-state neuronal activity and connectivity assessed by simultaneous calcium imaging, hemodynamic imaging and electrophysiology.",2018,NeuroImage,impulsivity resting-state fMRI functional connectivity,unknown,functional connectivity,impulsivity (general),unknown,unclear,unclear,,background,,,no,evidence_strength not a number,yes,no,unclear,,,,,,,,,
45,26908392,Association of ventral striatum monoamine oxidase-A binding and functional connectivity in antisocial personality disorder with high impulsivity: A positron emission tomography and functional magnetic resonance imaging study.,2016,European neuropsychopharmacology : the journal of the European College of Neuropsychopharmacology,Barratt Impulsiveness Scale resting-state fMRI,unknown,functional connectivity,impulsivity (general),antisocial personality disorder,correlates_with,lower,,direct,0.85,"VSs-DMPFC FC was negatively correlated with NEO Personality Inventory-Revised impulsivity (r=-0.49, p=0.03), as was VSi-hippocampus FC with Barratt Impulsiveness Scale-11 motor impulsiveness (r=-0.50, p=0.03).",yes,,yes,yes,yes,,,,,,,,,
46,36912839,Identifying Replicable Subgroups in Neurodevelopmental Conditions Using Resting-State Functional Magnetic Resonance Imaging Data.,2023,JAMA network open,trait impulsivity resting-state fMRI,unknown,functional connectivity,impulsivity (general),neurodevelopmental conditions,associated_with,higher,,direct,0.8,"There was a significant difference in Strengths and Weaknesses ADHD Symptoms and Normal Behavior Hyperactivity/Impulsivity subscale (SWAN-HI) between 2 subgroups in the POND data (C and D), with subgroup D having increased hyperactivity and impulsivity traits compared with subgroup C (median [IQR], 2.50 [0.00-7.00] vs 1.00 [0.00-5.00]; U = 1.19 × 104; P = .01; η2 = 0.02).",yes,,yes,yes,no,,,,,,,,,
47,24373553,Anhedonia in Parkinson's disease patients with and without pathological gambling: a case-control study.,2014,Psychiatry research,Barratt Impulsiveness Scale neuroimaging,unknown,unknown,impulsivity (general),Pathological Gambling (PG) and other Impulse Control Disorders (ICDs),correlates_with,higher,,indirect,0.8,"The PG-group, compared to the ICDs-group and PD-controls, reported a significantly higher incidence of anhedonia (45% vs. 9% vs. 14% respectively), higher Snaith-Hamilton Pleasure Scale (SHAPS) scores (2.0±1.3 vs. 1.0±1.1 vs. 1.0±1.2), higher levels of impulsivity traits as measured by the Barratt Impulsiveness Scale (70.0±10.6 vs. 64.8±11 vs. 60.9±9.3) and more severe frontal dysfunctions (Frontal Assessment Battery, FAB: 12.4±4.9 vs. 15.5±1.6 vs. 14.4±3).",yes,,yes,yes,yes,,,,,,,,,
48,33426970,Add-on repetitive transcranial magnetic stimulation in patients with opioid use disorder undergoing methadone maintenance therapy.,2021,The American journal of drug and alcohol abuse,Barratt Impulsiveness Scale neuroimaging,unknown,unknown,impulsivity (general),OUD participants undergoing MMT,correlates_with,lower,,direct,0.8,"However, HDRS scores, BIS-11 attentional subscales, and CPTs commission T-scores (C-TS) were significantly lower in the active rTMS group (P = .003, 0.04, and 0.02, respectively) than in the sham group.",yes,,yes,yes,yes,,,,,,,,,
49,31383336,Hypothesis: Compulsive hoarding as an atavism.,2019,Medical hypotheses,trait impulsivity functional connectivity,unknown,unknown,impulsivity (general),unknown,unknown,unclear,,background,,,no,evidence_strength not a number,yes,no,unclear,,,,,,,,,
50,25928822,Altered resting-state frontoparietal control network in children with attention-deficit/hyperactivity disorder.,2015,Journal of the International Neuropsychological Society : JINS,attentional impulsivity resting-state fMRI,frontoparietal/control network,functional connectivity,attentional impulsivity,children with attention-deficit/hyperactivity disorder,associated_with,unclear,,direct,0.8,"Furthermore, this aberrant connectivity of the frontoparietal control network in ADHD was associated with symptoms of impulsivity and opposition-defiance, as well as impaired response inhibition and attentional control.",yes,,yes,yes,yes,,,,,,,,,
51,9571295,Frontal lobe functions and dysfunctions.,1998,Clinical EEG (electroencephalography),attentional impulsivity functional connectivity,unknown,unknown,attentional impulsivity,unknown,unknown,unclear,,background,,,no,evidence_strength not a number,yes,no,unclear,,,,,,,,,
52,22901705,Alterations in regional homogeneity of resting-state brain activity in internet gaming addicts.,2012,Behavioral and brain functions : BBF,motor impulsivity resting-state fMRI,unknown,BOLD variability,impulsivity (general),internet gaming addiction,associated_with,unclear,,indirect,0.6,Our results suggest that long-time online game playing enhanced the brain synchronization in sensory-motor coordination related brain regions and decreased the excitability in visual and auditory related brain regions.,yes,,yes,yes,yes,,,,,,,,,
53,34851976,Differential structure-function network coupling in the inattentive and combined types of attention deficit hyperactivity disorder.,2021,PloS one,attentional impulsivity resting-state fMRI,unknown,unknown,nonplanning impulsivity,"ADHD-I, ADHD-C, TDC",correlates_with,lower,,indirect,0.7,"Children with ADHD had lower structural connectivity and network efficiency in the DMN, without significant group differences in functional networks.",yes,,yes,yes,no,,,,,,,,,
54,28174127,Altered functional connectivity in default mode network in Internet gaming disorder: Influence of childhood ADHD.,2017,Progress in neuro-psychopharmacology & biological psychiatry,attentional impulsivity resting-state fMRI,default mode network,functional connectivity,impulsivity (general),"Internet gaming disorder, childhood ADHD",associated_with,unclear,,direct,0.85,The strength of connectivity between the PCC and cerebellum (crus II) was positively correlated with self-reporting scales reflecting impulsiveness.,yes,,yes,yes,yes,,,,,,,,,
55,28860514,Delay discounting is associated with the fractional amplitude of low-frequency fluctuations and resting-state functional connectivity in late adolescence.,2017,Scientific reports,trait impulsivity resting-state fMRI,unknown,functional connectivity,impulsivity (general),unknown,associated_with,higher,,direct,0.9,"DD was positively correlated with the RSFC between the dACC and the left dorsolateral prefrontal cortex (DLPFC), a critical functional circuit in the cognitive control network.",yes,,yes,yes,yes,,,,,,,,,
56,37673288,Resting-state functional magnetic resonance imaging alterations in borderline personality disorder: A systematic review.,2023,Journal of affective disorders,impulsivity resting-state fMRI functional connectivity,unknown,functional connectivity,impulsivity (general),Borderline personality disorder,associated_with,unclear,,indirect,0.5,"aberrant resting-state functional connectivity (rs-FC) within and between default mode network (DMN), salience network (SN), and central executive network (CEN) were observed in BPD compared to healthy controls, as well as selective functional impairments in bilateral amygdala, anterior and posterior cingulate cortex, hippocampus, and prefrontal cortex.",yes,,yes,yes,yes,,,,,,,,,
57,28777996,Neural connectivity moderates the association between sleep and impulsivity in adolescents.,2017,Developmental cognitive neuroscience,impulsivity fMRI functional connectivity,default mode network,functional connectivity,impulsivity (general),unknown,moderates,unclear,,direct,0.85,"Poor sleep quality was related to greater affect-related impulsivity among adolescents with low, but not high, connectivity, suggesting neural functioning relates to individual differences linking sleep quality and impulsivity.",yes,,yes,yes,yes,,,,,,,,,
58,37209127,Reduced loss aversion in value-based decision-making and edge-centric functional connectivity in patients with internet gaming disorder.,2023,Journal of behavioral addictions,impulsivity neuroimaging functional connectivity,unknown,functional connectivity,unknown,internet gaming disorder,correlates_with,lower,negatively correlated with the promoted bottom-to-up neuromodulation from the right hippocampus to the left IFG,direct,0.85,This relationship was suppressed by response consistency3 in PIGD.,yes,,yes,yes,yes,,,,,,,,,
59,26648853,Impulsivity is Associated with Increased Metabolism in the Fronto-Insular Network in Parkinson's Disease.,2015,Frontiers in behavioral neuroscience,Barratt Impulsiveness Scale neuroimaging,unknown,BOLD variability,impulsivity (general),Parkinson's disease,associated_with,higher,,direct,0.9,"Voxel-wise group comparison revealed higher FDG-metabolism in the orbitofrontal cortex (OFC), anterior cingulate cortex (ACC), and right insula in patients with higher impulsivity scores.",yes,,yes,yes,yes,,,,,,,,,
60,26460483,Lateral prefrontal model-based signatures are reduced in healthy individuals with high trait impulsivity.,2015,Translational psychiatry,Barratt Impulsiveness Scale fMRI,unknown,functional connectivity,impulsivity (general),unknown,associated_with,lower,,direct,0.9,Right lateral prefrontal model-based signatures were reduced in high-impulsive individuals.,yes,,yes,yes,yes,,,,,,,,,
61,25738502,Decreased prefrontal lobe interhemispheric functional connectivity in adolescents with internet gaming disorder: a primary study using resting-state FMRI.,2015,PloS one,impulsivity resting-state fMRI functional connectivity,unknown,functional connectivity,impulsivity (general),Internet gaming disorder,associated_with,lower,,indirect,0.7,"Compared to healthy controls, IGD participants showed decreased VMHC between the left and right superior frontal gyrus (orbital part), inferior frontal gyrus (orbital part), middle frontal gyrus and superior frontal gyrus.",yes,,yes,yes,yes,,,,,,,,,
62,29034964,Hemispheric asymmetry of the frontolimbic cortex in young adults with borderline personality disorder.,2017,Acta psychiatrica Scandinavica,Barratt Impulsiveness Scale fMRI,unknown,unknown,nonplanning impulsivity,borderline personality disorder,correlates_with,higher,,direct,0.8,greater asymmetry of AI&ACC correlated with a higher score in attention subscale of Barratt Impulsiveness Scale.,yes,,yes,yes,yes,,,,,,,,,
63,39796107,The Relationship Between Impulsivity Traits and In Vivo Cerebral Serotonin Transporter and Serotonin 2A Receptor Binding in Healthy Individuals: A Double-Tracer PET Study with C-11 DASB and C-11 MDL100907.,2024,International journal of molecular sciences,Barratt Impulsiveness Scale fMRI,unknown,unknown,nonplanning impulsivity,unknown,correlates_with,higher,,direct,0.8,"the region of interest (ROI)-based partial correlation analysis with age, sex, and temperament traits as covariates revealed a significant positive correlation between non-planning impulsiveness and [11C]MDL100907 BPND in the caudate (CAU) at Bonferroni-corrected p < 0.0045.",yes,,yes,yes,no,,,,,,,,,
64,32121585,"Random Forest Classification of Alcohol Use Disorder Using EEG Source Functional Connectivity, Neuropsychological Functioning, and Impulsivity Measures.",2020,"Behavioral sciences (Basel, Switzerland)",nonplanning impulsivity functional connectivity,default mode network,EEG connectivity,nonplanning impulsivity,Alcohol use disorder,associated_with,higher,"hyperconnectivity among 25 of 29 significant connections, indicating aberrant network functioning during resting state suggestive of neural hyperexcitability and impulsivity",direct,0.8,"The AUD group showed a predominant pattern of hyperconnectivity among 25 of 29 significant connections, indicating aberrant network functioning during resting state suggestive of neural hyperexcitability and impulsivity.",yes,,yes,yes,yes,,,,,,,,,
65,31284029,Genetic contribution to the phenotypic correlation between trait impulsivity and resting-state functional connectivity of the amygdala and its subregions.,2019,NeuroImage,impulsivity resting-state fMRI functional connectivity,unknown,functional connectivity,impulsivity (general),unknown,correlates_with,higher,,direct,0.9,trait impulsivity was positively correlated with the rsFC between the left full amygdala and the right dorsolateral prefrontal cortex (DLPFC),yes,,yes,yes,yes,,,,,,,,,
66,41932505,Intrinsic functional connectivity alterations in medication-naïve children with combined and inattentive ADHD types: Evidence from cortical surface-based analysis.,2026,Journal of affective disorders,motor impulsivity resting-state fMRI,default mode network,functional connectivity,nonplanning impulsivity,"ADHD-C, ADHD-I, healthy controls",correlates_with,higher,,direct,0.8,The hypo-connectivity linking the DMN (Default-PFC7_L) and SMN (SomMot27_L) was correlated with both higher SNAP-IV Hyperactivity/Impulsivity and Total scores.,yes,,yes,yes,yes,,,,,,,,,
67,35007715,Risk-taking in humans and the medial orbitofrontal cortex reward system.,2022,NeuroImage,impulsivity fMRI functional connectivity,"medial orbitofrontal cortex, ventromedial prefrontal cortex, parahippocampal areas, anterior cingulate cortex",functional connectivity,impulsivity (general),unknown,associated_with,higher,"higher connectivity with the anterior cingulate cortex, providing a route for these reward-related regions to have a greater influence on action in risk-taking individuals",direct,0.9,"Functional connectivities of the medial orbitofrontal cortex, ventromedial prefrontal cortex (VMPFC), and the parahippocampal areas were significantly higher in the risk-taking group (p < 0.001, FDR corrected).",yes,,yes,yes,yes,,,,,,,,,
68,40630648,Identifying a Biological Signature of Trauma-Related Neurodegeneration Following Repeated Traumatic Brain Injuries Compared with Healthy Controls.,2025,Neurotrauma reports,Barratt Impulsiveness Scale fMRI,unknown,unknown,impulsivity (general),unknown,correlates_with,unclear,,indirect,0.2,"Within the TBI group, amygdala normative percentile and/or amygdala asymmetry index were included in the final models for NSI, SWLS, PCL5, BIS, BPAQ, and ISI.",yes,,yes,yes,yes,,,,,,,,,
69,40193128,Subthalamic Deep Brain Stimulation: Mapping Non-Motor Outcomes to Structural Connections.,2025,Human brain mapping,impulsivity neuroimaging functional connectivity,unknown,structural connectivity,impulsivity (general),Parkinson's Disease,associated_with,lower,,direct,0.8,improvement of mood and cognition and worsening of trait impulsivity,yes,,yes,yes,yes,,,,,,,,,
70,32987241,Intrinsic functional connectivity of the default mode and cognitive control networks relate to change in behavioral performance over two years.,2020,Cortex; a journal devoted to the study of the nervous system and behavior,impulsivity fMRI functional connectivity,default mode network | cognitive control network,functional connectivity,unknown,unknown,associated_with,higher,,direct,0.85,"Additionally, decreased connectivity between posterior parietal CCN and DMN nodes and decreased connectivity between left and right dorsolateral prefrontal nodes was associated with increased cognitive performance.",yes,,yes,yes,yes,,,,,,,,,
71,26830141,Midbrain functional connectivity and ventral striatal dopamine D2-type receptors: link to impulsivity in methamphetamine users.,2016,Molecular psychiatry,Barratt Impulsiveness Scale resting-state fMRI,unknown,functional connectivity,impulsivity (general),methamphetamine-dependent individuals,correlates_with,unclear,,direct,0.75,"In Study 2, an interaction of the group with RSFC on impulsivity was observed. Methamphetamine-dependent users exhibited a positive relationship of midbrain RSFC to the left ventral striatum with cognitive impulsivity, whereas a negative relationship was observed in healthy controls.",yes,,yes,yes,yes,,,,,,,,,
72,41281564,Associations between structural injury and task-based corticomuscular connectivity after stroke.,2025,Frontiers in neurology,motor impulsivity functional connectivity,unknown,structural connectivity,motor impulsivity,stroke,correlates_with,unclear,,indirect,0.5,"greater injury correlated with higher coherence between electrodes overlying the supplementary motor area and affected extensor digitorum (high beta: ρ = 0.83, p = 0.001)",yes,,yes,yes,yes,,,,,,,,,
73,38018143,Converging Evidence for Frontopolar Cortex as a Target for Neuromodulation in Addiction Treatment.,2024,The American journal of psychiatry,trait impulsivity functional connectivity,unknown,functional connectivity,impulsivity (general),unknown,associated_with,unclear,,indirect,0.7,"This approach is supported by converging multimodal evidence, including lesion-based maps, functional MRI-based maps, tES studies, TMS studies, and dose-response relationships.",yes,,yes,yes,yes,,,,,,,,,
74,25925985,Impaired corticostriatal connectivity in impulse control disorders in Parkinson disease.,2015,Neurology,motor impulsivity resting-state fMRI,unknown,functional connectivity,nonplanning impulsivity,Parkinson disease with and without impulse control disorders,associated_with,lower,,direct,0.8,"The presence of an ICD in patients with PD was associated with functional disconnection between the left anterior putamen and both the left inferior temporal gyrus and the left anterior cingulate gyrus, as well as a trend toward a functional disconnection between several motor and associative striatal regions and limbic, associative, and motor cortical regions.",yes,,yes,yes,yes,,,,,,,,,
75,29946511,Abnormal cortical gyrification in criminal psychopathy.,2018,NeuroImage. Clinical,trait impulsivity functional connectivity,unknown,BOLD variability,impulsivity (general),psychopathy,associated_with,lower,,indirect,0.7,PCL-R scores were negatively associated with LGI measures within the right hemisphere in the midcingulate cortex (MCC) and adjacent regions of the superior frontal gyrus as well as lateral superior parietal cortex.,yes,,yes,yes,yes,,,,,,,,,
76,40260305,Effective connectivity analysis of response inhibition functional network.,2025,Frontiers in neuroscience,motor impulsivity functional connectivity,"salience/ventral attention network, frontoparietal/control network, somatomotor network",dynamic connectivity,nonplanning impulsivity,unknown,correlates_with,unclear,,direct,0.8,"Finally, correlation analyses between self-reported impulsivity levels and causal network interactions revealed that highly impulsive individuals require greater interhemispheric integration between the right and left ECNs for effective inhibition, as well as a causal excitatory modulation from the right executive control network (rECN) to the vDMN.",yes,,yes,yes,yes,,,,,,,,,
77,31427669,The Effect of Mindfulness Meditation on Impulsivity and its Neurobiological Correlates in Healthy Adults.,2019,Scientific reports,Barratt Impulsiveness Scale fMRI,unknown,unknown,impulsivity (general),unknown,unclear,unclear,,background,0.5,"However, LTMs self-reported lower attentional impulsivity, but higher motor and non-planning impulsivity on the BIS-11 than MNPs.",yes,,yes,yes,yes,,,,,,,,,
78,18479820,An event-related fMRI study on risk taking by healthy individuals of high or low impulsiveness.,2008,Neuroscience letters,Barratt Impulsiveness Scale fMRI,unknown,functional connectivity,impulsivity (general),unknown,associated_with,higher,,direct,0.85,a stronger activation in the insula-orbitofrontal-parietal regions was found in the high impulsiveness group compared to the low impulsiveness group,yes,,yes,yes,yes,,,,,,,,,
79,40334458,Temporal variability-based alternations in dynamic functional networks in internet gaming disorder.,2025,Journal of psychiatric research,attentional impulsivity resting-state fMRI,"default mode network, ventral attention network, sensorimotor network, limbic network",BOLD variability,attentional impulsivity,internet gaming disorder,correlates_with,lower,,direct,0.85,"Compared to RGUs, IGD individuals exhibited decreased within-network variability in the default mode network (DMN)",yes,,yes,yes,yes,,,,,,,,,
80,30504061,Relationship between quality of life in young adults and impulsivity/compulsivity✰.,2019,Psychiatry research,Barratt Impulsiveness Scale neuroimaging,unknown,unknown,impulsivity (general),unknown,associated_with,lower,,background,0.8,"Worse quality of life was also significantly explained by higher impulsiveness on the Barratt scale,",yes,,yes,yes,yes,,,,,,,,,
81,15309395,Negative correlation between right prefrontal activity during response inhibition and impulsiveness: a fMRI study.,2004,European archives of psychiatry and clinical neuroscience,Barratt Impulsiveness Scale fMRI,unknown,functional connectivity,motor impulsivity,unknown,correlates_with,lower,,direct,0.8,A negative correlation was observed between the motor impulsiveness of BIS-11 and No-Go-related activation in the right dorsolateral prefrontal cortex (RDLPFC).,yes,,yes,yes,yes,,,,,,,,,
82,42146757,Resting-State Functional Connectivity Alterations in Pediatric Survivors of Severe COVID-19: An Exploratory Case-Control Study.,2026,Sage open pediatrics,impulsivity resting state functional connectivity,unknown,functional connectivity,impulsivity (general),severe COVID-19,correlates_with,unclear,,indirect,0.5,"In an exploratory subset (8 post-COVID, 12 controls), 50% of post-COVID children had abnormally low Timeliness and 25% low Impulsivity MOXO-d-CPT z-scores, whereas no controls were abnormal.",yes,,yes,yes,yes,,,,,,,,,
83,41098856,The CB1 receptor: linking impulsivity and substance use disorder.,2025,Frontiers in neuroscience,trait impulsivity functional connectivity,unknown,functional connectivity,impulsivity (general),unknown,associated_with,unclear,,indirect,0.7,"CB1R signaling in these regions influences decision-making, reward sensitivity, and response inhibition-all processes critical to the emergence of impulsive traits and drug-seeking behavior.",yes,,yes,yes,yes,,,,,,,,,
84,29040723,Resting-state functional connectivity in combat veterans suffering from impulsive aggression.,2017,Social cognitive and affective neuroscience,impulsivity resting-state fMRI functional connectivity,unknown,functional connectivity,impulsivity (general),combat veterans,associated_with,lower,weakened functional connectivity between the amygdala and prefrontal regions,direct,0.85,"In exploratory cluster analyses, we observed reduced functional connectivity between the (bilateral) BLA and left dorsolateral prefrontal cortex in the impulsive aggression group, relative to combat controls.",yes,,yes,yes,yes,,,,,,,,,
85,31801105,A preliminary study of disrupted functional network in individuals with Internet gaming disorder: Evidence from the comparison with recreational game users.,2020,Addictive behaviors,motor impulsivity resting-state fMRI,unknown,functional connectivity,nonplanning impulsivity,Internet gaming disorder,associated_with,higher,,direct,0.7,"subjects with IGD as compared to those with RGU showed increased nodal centralities in the reward, craving, emotional memory and sensory-motor processing regions.",yes,,yes,yes,yes,,,,,,,,,
86,30277562,The role of the dorsal striatum in choice impulsivity.,2019,Annals of the New York Academy of Sciences,impulsivity fMRI functional connectivity,unknown,unknown,impulsivity (general),unknown,unknown,unclear,,background,,,no,evidence_strength not a number,yes,no,unclear,,,,,,,,,
87,28189592,Dissociable frontostriatal white matter connectivity underlies reward and motor impulsivity.,2017,NeuroImage,impulsivity fMRI functional connectivity,unknown,structural connectivity,impulsivity (general),unknown,associated_with,unclear,,direct,0.8,"We found a double dissociation such that individual differences in white matter connectivity between the ventral striatum and the ventromedial prefrontal cortex and dorsolateral prefrontal cortex was associated with reward impulsivity, as measured by delay discounting, whereas connectivity between dorsal striatum and supplementary motor area was associated with motor impulsivity, but not vice versa.",yes,,yes,yes,yes,,,,,,,,,
88,32035425,Ventromedial prefrontal value signals and functional connectivity during decision-making in suicidal behavior and impulsivity.,2020,Neuropsychopharmacology : official publication of the American College of Neuropsychopharmacology,impulsivity fMRI functional connectivity,unknown,functional connectivity,impulsivity (general),suicidal behavior,correlates_with,unclear,,direct,0.8,"In nonpsychiatric controls, vmPFC-frontoparietal connectivity was negatively moderated by impulsivity (pFWE corrected < 0.05).",yes,,yes,yes,yes,,,,,,,,,
89,27095357,Sex differences in impulsivity and brain morphometry in methamphetamine users.,2017,Brain structure & function,Barratt Impulsiveness Scale fMRI,unknown,unknown,impulsivity (general),methamphetamine users,associated_with,higher,,direct,0.85,"METH users had higher impulsivity scores, on both the Cognitive and Behavioral Factors from the BIS (p < 0.0001-0.0001).",yes,,yes,yes,yes,,,,,,,,,
90,34461353,Impulsivity is related to overhasty risk learning in attention-deficit/hyperactivity disorder: A computational psychiatric approach.,2021,Journal of psychiatric research,Barratt Impulsiveness Scale fMRI,unknown,functional connectivity,impulsivity (general),attention-deficit/hyperactivity disorder,associated_with,higher,overhasty updating of beliefs during risk learning,direct,0.85,"The degree of overhasty learning in ADHD patients was significantly correlated with the BIS score (r = 0.424, p = 0.009).",yes,,yes,yes,yes,,,,,,,,,
91,40168432,Protocol for a Randomized Controlled Trial to Enhance Executive Function via Brief Mindfulness Training in Individuals with Internet Gaming Disorder.,2025,PloS one,trait impulsivity functional connectivity,unknown,functional connectivity,impulsivity (general),Internet Gaming Disorder,associated_with,unclear,,indirect,0.5,,yes,,yes,no,unclear,,,,,,,,,
92,23770040,Resting-state beta and gamma activity in Internet addiction.,2013,International journal of psychophysiology : official journal of the International Organization of Psychophysiology,Barratt Impulsiveness Scale neuroimaging,unknown,BOLD variability,impulsivity (general),Internet addiction,correlates_with,lower,,direct,0.85,"The Internet addiction group showed lower absolute power on the beta band than did the control group (estimate = -3.370, p < 0.01).",yes,,yes,yes,no,,,,,,,,,
93,29337234,Electrophysiological Activity Prior to Self-initiated Movements is Related to Impulsive Personality Traits.,2018,Neuroscience,Barratt Impulsiveness Scale neuroimaging,unknown,EEG connectivity,impulsivity (general),unknown,correlates_with,higher,,direct,0.85,"In particular, the RP showed an earlier negative rising phase and a greater amplitude, with the increasing of BIS-11 scores.",yes,,yes,yes,yes,,,,,,,,,
94,29454934,Time scale properties of task and resting-state functional connectivity: Detrended partial cross-correlation analysis.,2018,NeuroImage,Barratt Impulsiveness Scale resting-state fMRI,default mode network,functional connectivity,impulsivity (general),unknown,correlates_with,higher,,direct,0.8,the within-network connectivity time scale of the pre-supplementary motor area - a medial prefrontal cortical structure of the task network and critical to proactive inhibitory control - correlated inversely with Barratt impulsivity and stop signal reaction time.,yes,,yes,yes,yes,,,,,,,,,
95,38451271,Trait anxiety and corresponding neuromarkers predict internet addiction: A longitudinal study.,2024,Journal of behavioral addictions,trait impulsivity functional connectivity,default mode network,functional connectivity,impulsivity (general),internet addiction,predicts,higher,mediated by stressful life events and DMN functional connectivity,direct,0.8,CPM results revealed that the functional connectivity of cognitive control and emotion-regulation circuits and DMN were significantly correlated with TA.,yes,,yes,yes,yes,,,,,,,,,
96,37887440,"Neurophysiological, Neuroimaging, and Neuropsychological Predictors of Human Alcoholism and Risk.",2023,"Behavioral sciences (Basel, Switzerland)",impulsivity resting-state fMRI functional connectivity,unknown,unknown,impulsivity (general),unknown,unknown,unclear,,background,,,no,evidence_strength not a number,yes,no,unclear,,,,,,,,,
97,30616125,A multi-dimensional evaluation of craving and impulsivity among people admitted for alcohol-related problems in emergency department.,2019,Psychiatry research,Barratt Impulsiveness Scale neuroimaging,unknown,unknown,impulsivity (general),alcohol misuse,associated_with,unclear,,background,,,no,evidence_strength not a number,yes,no,unclear,,,,,,,,,
98,27894158,Craving behavioral intervention for internet gaming disorder: remediation of functional connectivity of the ventral striatum.,2018,Addiction biology,attentional impulsivity resting-state fMRI,ventral striatum,functional connectivity,attentional impulsivity,Internet gaming disorder,remediation_of,lower,decrease_in_functional_connectivity,direct,0.8,"Moreover, compared with CBI-, CBI+ showed significantly greater decrease in VS-lIPL connectivity, along with amelioration in addiction severity following the intervention.",yes,,yes,yes,yes,,,,,,,,,
99,37561637,Abnormal frontostriatal connectivity and serotonin function in gambling disorder: A preliminary exploratory study.,2023,Journal of behavioral addictions,attentional impulsivity resting-state fMRI,unknown,functional connectivity,attentional impulsivity,gambling disorder,correlates_with,lower,,direct,0.9,"Right NAcc 11C-MADAM binding potential correlated with attentional impulsivity in individuals with gambling disorder (r = -0.73, p = 0.005).",yes,,yes,yes,yes,,,,,,,,,
100,25899520,Altered resting-state functional connectivity of the insula in young adults with Internet gaming disorder.,2016,Addiction biology,impulsivity resting-state fMRI functional connectivity,unknown,functional connectivity,impulsivity (general),Internet gaming disorder,associated_with,higher,,direct,0.85,"IGDs also demonstrated significantly stronger rsFC between the posterior insula and postcentral gyrus, precentral gyrus, supplemental motor area, and superior temporal gyrus (STG), which are involved in interoception, movement control, and auditory processing.",yes,,yes,yes,yes,,,,,,,,,
