record_id,pmid,title,year,journal,query,extracted_brain_system,extracted_feature_type,extracted_phenotype,extracted_diagnostic_context,extracted_relationship,extracted_direction,extracted_mechanism,extracted_directness,evidence_strength,supporting_sentence,schema_valid,schema_issues,citation_valid,sentence_present,sentence_anchored,semantic_support_score,phenotype_correct,feature_type_correct,relationship_correct,direction_correct,overclaiming_flag,hallucination_flag,review_decision,review_notes,verifier_model,verifier_support_score,verifier_decision,verifier_phenotype_supported,verifier_feature_supported,verifier_relationship_supported,verifier_direction_supported,verifier_directness_supported,verifier_overclaiming,verifier_corrected_phenotype,verifier_corrected_feature_type,verifier_corrected_direction,verifier_rationale,verifier_error
3,39315326,Resting-state brain networks alterations in adolescents with Internet Gaming Disorder associate with cognitive control impairments.,2024,Frontiers in psychiatry,Barratt Impulsiveness Scale resting-state fMRI,"Salience Network, Executive Control Network, Dorsal Attention Network",functional connectivity,impulsivity (general),Internet Gaming Disorder,correlates_with,higher,alterations in resting-state brain networks,direct,0.8,"impulsivity in adolescent IGD subjects showed a positive correlation with the severity of IGD (r=0.6350, p < 0.001), linked to impairments in the Executive Control Network (ECN) and a decrease in functional connectivity between the Salience Network (SN) and ECN (r=0.4307, p=0.0021; r=-0.5147, p=0.0034).",yes,,yes,yes,yes,,,,,,,,,,llama-3.1-8b-instruct,2,keep,yes,yes,yes,yes,yes,no,impulsivity (general),functional connectivity,higher,"The sentence clearly supports the extracted claim, mentioning impulsivity as the phenotype, functional connectivity as the feature type, a correlation as the relationship, higher as the direction, and direct as the directness. The brain systems mentioned (Salience Network, Executive Control Network, Dorsal Attention Network) match the extracted brain system, and the diagnostic context (Internet Gaming Disorder) matches the extracted diagnostic context.",
5,29454934,Time scale properties of task and resting-state functional connectivity: Detrended partial cross-correlation analysis.,2018,NeuroImage,Barratt Impulsiveness Scale resting-state fMRI,default mode network,functional connectivity,impulsivity (general),unknown,correlates_with,higher,,direct,0.8,the within-network connectivity time scale of the pre-supplementary motor area - a medial prefrontal cortical structure of the task network and critical to proactive inhibitory control - correlated inversely with Barratt impulsivity and stop signal reaction time.,yes,,yes,yes,yes,,,,,,,,,,llama-3.1-8b-instruct,2,keep,yes,yes,yes,yes,yes,no,impulsivity (general),functional connectivity,lower,"The sentence directly supports the claim by stating a correlation between the within-network connectivity time scale and Barratt impulsivity, which is a measure of impulsivity. The direction of the correlation is inverse, which means that higher within-network connectivity time scale is associated with lower impulsivity, supporting the direction of the claim. The feature type is also supported as it is mentioned as functional connectivity. The directness of the claim is supported as both phenotype and feature are named in the sentence.",
6,38002468,Insula Connectivity Abnormalities Predict Impulsivity in Chronic Heroin Use Disorder: A Cross-Sectional Resting-State fMRI Study.,2023,Brain sciences,Barratt Impulsiveness Scale resting-state fMRI,unknown,functional connectivity,impulsivity (general),heroin use disorder,predicts,higher,,direct,0.9,"Changes in FC between the right insula and the lateral occipital cortex and the right angular gyrus were significantly positively correlated with total trait impulsivity scores, motor impulsivity, and nonplanning impulsivity.",yes,,yes,yes,no,,,,,,,,,,llama-3.1-8b-instruct,2,keep,yes,yes,yes,yes,yes,no,impulsivity (general),functional connectivity,higher,"The sentence clearly supports the extracted claim, mentioning a direct relationship between the phenotype (impulsivity) and the feature (functional connectivity), with a specific direction (higher) and a clear association with a brain region (right insula).",
23,37086305,"Emotion dysregulation, impulsivity and anger rumination in borderline personality disorder: the role of amygdala and insula.",2024,European archives of psychiatry and clinical neuroscience,Barratt Impulsiveness Scale resting-state fMRI,unknown,structural connectivity,impulsivity (general),BPD,correlates_with,lower,,direct,0.7,BPD patients showed a lower cortical thickness of the left insula (p = 0.027) that negatively correlated with the Anger Rumination Scale (p = 0.019; r = - 0.450).,yes,,yes,yes,yes,,,,,,,,,,llama-3.1-8b-instruct,2,keep,yes,yes,yes,yes,yes,no,impulsivity (general),structural connectivity,lower,"The sentence directly supports the claim by stating a lower cortical thickness of the left insula in BPD patients, which correlates with the Anger Rumination Scale. The phenotype (impulsivity) is implied by the diagnostic context (BPD), and the feature type (structural connectivity) is supported by the mention of cortical thickness.",
28,25944613,Nature of functional links in valuation networks differentiates impulsive behaviors between abstinent heroin-dependent subjects and nondrug-using subjects.,2015,NeuroImage,Barratt Impulsiveness Scale resting-state fMRI,unknown,functional connectivity,impulsivity (general),abstinent heroin-dependent subjects and nondrug-using subjects,associated_with,higher,imbalanced functional connectivity between β- and δ-networks,direct,0.85,"the functional link between the β- and δ-networks is imbalanced, with stronger β-network connectivity and weaker δ-network connectivity. The imbalanced link is associated with impulsivity",yes,,yes,yes,no,,,,,,,,,,llama-3.1-8b-instruct,2,keep,yes,yes,yes,yes,yes,no,impulsivity (general),functional connectivity,higher,,
31,26830141,Midbrain functional connectivity and ventral striatal dopamine D2-type receptors: link to impulsivity in methamphetamine users.,2016,Molecular psychiatry,Barratt Impulsiveness Scale resting-state fMRI,unknown,functional connectivity,impulsivity (general),methamphetamine-dependent individuals,correlates_with,unclear,,direct,0.75,"In Study 2, an interaction of the group with RSFC on impulsivity was observed. Methamphetamine-dependent users exhibited a positive relationship of midbrain RSFC to the left ventral striatum with cognitive impulsivity, whereas a negative relationship was observed in healthy controls.",yes,,yes,yes,yes,,,,,,,,,,llama-3.1-8b-instruct,2,keep,yes,yes,yes,yes,yes,no,impulsivity (cognitive),functional connectivity,positive,"The sentence clearly supports the extracted claim. The phenotype is 'impulsivity (cognitive)', which is a specific type of impulsivity. The feature type is 'functional connectivity', which matches the sentence. The relationship is 'correlates_with', which is supported by the sentence. The direction is 'positive', which is supported by the sentence. The directness is 'direct', which is supported by the sentence naming both phenotype and feature. There is no overclaiming as the sentence mentions a group difference and a phenotype-feature association.",
37,39756804,Altered Functional Connectivity of Prefrontal Cortex-Related Circuitry and Trait Impulsivity in Patients With Bipolar Disorder and History of Suicide Attempts.,2025,Acta psychiatrica Scandinavica,Barratt Impulsiveness Scale resting-state fMRI,unknown,functional connectivity,impulsivity (general),Bipolar Disorder,associated_with,higher,,direct,0.85,BDSA had higher trait impulsivity than BDNS and the controls.,yes,,yes,yes,yes,,,,,,,,,,llama-3.1-8b-instruct,2,keep,yes,yes,yes,yes,yes,no,impulsivity (general),trait level,higher,"The sentence clearly supports the extracted claim by stating that BDSA had higher trait impulsivity, which is a direct association between impulsivity (general) and a feature of trait level, in the context of Bipolar Disorder.",
41,26908392,Association of ventral striatum monoamine oxidase-A binding and functional connectivity in antisocial personality disorder with high impulsivity: A positron emission tomography and functional magnetic resonance imaging study.,2016,European neuropsychopharmacology : the journal of the European College of Neuropsychopharmacology,Barratt Impulsiveness Scale resting-state fMRI,unknown,functional connectivity,impulsivity (general),antisocial personality disorder,correlates_with,lower,,direct,0.85,"Additionally, VSs-DMPFC FC was negatively correlated with NEO Personality Inventory-Revised impulsivity (r=-0.49, p=0.03), as was VSi-hippocampus FC with Barratt Impulsiveness Scale-11 motor impulsiveness (r=-0.50, p=0.03).",yes,,yes,yes,yes,,,,,,,,,,llama-3.1-8b-instruct,2,keep,yes,yes,yes,yes,yes,no,,,,"The sentence directly supports the association between impulsivity and functional connectivity in the brain, with a specific direction (lower) and a direct relationship.",
45,35040662,Role of White Matter Microstructure in Impulsive Behavior.,2022,The Journal of neuropsychiatry and clinical neurosciences,Barratt Impulsiveness Scale fMRI,unknown,structural connectivity,nonplanning impulsivity,unknown,correlates_with,lower,,direct,0.85,"Whole-brain total average FA was inversely correlated with motor impulsiveness (r=-0.32, p=0.007) and positively correlated with nonplanning impulsiveness (r=0.29, p=0.02); these correlations were significant after correction for multiple comparisons.",yes,,yes,yes,yes,,,,,,,,,,llama-3.1-8b-instruct,2,keep,yes,yes,yes,yes,yes,no,nonplanning impulsivity,structural connectivity,lower,"The sentence clearly supports the extracted claim, mentioning both nonplanning impulsivity and structural connectivity, and stating a direct correlation.",
50,40630648,Identifying a Biological Signature of Trauma-Related Neurodegeneration Following Repeated Traumatic Brain Injuries Compared with Healthy Controls.,2025,Neurotrauma reports,Barratt Impulsiveness Scale fMRI,unknown,unknown,impulsivity (general),unknown,correlates_with,unclear,,indirect,0.2,"Within the TBI group, amygdala normative percentile and/or amygdala asymmetry index were included in the final models for NSI, SWLS, PCL5, BIS, BPAQ, and ISI.",yes,,yes,yes,yes,,,,,,,,,,llama-3.1-8b-instruct,1,revise,yes,yes,yes,no,no,no,impulsivity (general),behavioral,positive,"The sentence supports the phenotype (impulsivity) and relationship (correlates_with), but the direction is unclear. The feature type is behavioral, and the direction should be corrected to positive. The directness is indirect, and the brain system is not mentioned, so directness_supported is false.",
52,15309395,Negative correlation between right prefrontal activity during response inhibition and impulsiveness: a fMRI study.,2004,European archives of psychiatry and clinical neuroscience,Barratt Impulsiveness Scale fMRI,unknown,functional connectivity,motor impulsivity,unknown,correlates_with,lower,,direct,0.8,A negative correlation was observed between the motor impulsiveness of BIS-11 and No-Go-related activation in the right dorsolateral prefrontal cortex (RDLPFC).,yes,,yes,yes,yes,,,,,,,,,,llama-3.1-8b-instruct,2,keep,yes,yes,yes,yes,yes,no,motor impulsivity,functional connectivity,lower,"The sentence directly supports the claim by stating a correlation between motor impulsiveness and activation in the right dorsolateral prefrontal cortex, which is a specific brain region.",
61,31427669,The Effect of Mindfulness Meditation on Impulsivity and its Neurobiological Correlates in Healthy Adults.,2019,Scientific reports,Barratt Impulsiveness Scale fMRI,unknown,unknown,impulsivity (general),unknown,unclear,unclear,,background,0.5,"However, LTMs self-reported lower attentional impulsivity, but higher motor and non-planning impulsivity on the BIS-11 than MNPs.",yes,,yes,yes,yes,,,,,,,,,,llama-3.1-8b-instruct,2,keep,yes,yes,yes,yes,yes,no,impulsivity (general),unknown,unclear,"The sentence clearly supports the phenotype (impulsivity) and feature (unknown), and the relationship is unclear. The direction is also unclear, but the sentence does not overclaim. The directness is background, which matches the extracted directness.",
65,32464339,Investigation of structure-function correlation among the young offspring of patients with bipolar disorder.,2020,Psychiatry research. Neuroimaging,Barratt Impulsiveness Scale fMRI,unknown,structural connectivity,impulsivity (general),young offspring of patients with bipolar disorder,correlates_with,higher,,direct,0.75,MD values in the cingulum were inversely correlated with the Child and Youth Resilience Measure and positively correlated with higher scores on the Barratt Impulsiveness Scale-Attentional.,yes,,yes,yes,yes,,,,,,,,,,llama-3.1-8b-instruct,1,revise,yes,yes,yes,no,no,no,impulsivity (general),structural connectivity,lower,"The sentence supports the phenotype and feature, but the direction is mixed (inverse correlation and positive correlation). The directness is also not fully supported as the sentence does not name both phenotype and feature explicitly. The corrected direction should be 'lower' to match the inverse correlation.",
67,27095357,Sex differences in impulsivity and brain morphometry in methamphetamine users.,2017,Brain structure & function,Barratt Impulsiveness Scale fMRI,unknown,unknown,impulsivity (general),methamphetamine users,associated_with,higher,,direct,0.85,"METH users had higher impulsivity scores, on both the Cognitive and Behavioral Factors from the BIS (p < 0.0001-0.0001).",yes,,yes,yes,yes,,,,,,,,,,llama-3.1-8b-instruct,2,keep,yes,yes,yes,yes,yes,no,impulsivity (general),scores on the Cognitive and Behavioral Factors from the BIS,higher,"The sentence clearly supports the extracted claim, mentioning a direct association between methamphetamine use and higher impulsivity scores.",
69,27743376,Cortical folding patterns are associated with impulsivity in healthy young adults.,2017,Brain imaging and behavior,Barratt Impulsiveness Scale fMRI,unknown,BOLD variability,impulsivity (general),unknown,associated_with,higher,,direct,0.85,"Total and attention scores were positively correlated with LGI in the left postcentral gyrus, cingulate gyrus, precentral gyrus, pars opercularis of the inferior frontal gyrus, right middle temporal gyrus, superior parietal gyrus, pericalcarine gyrus, and lateral occipital gyrus (each p < 0.05 CWP corr.).",yes,,yes,yes,yes,,,,,,,,,,llama-3.1-8b-instruct,2,keep,yes,yes,yes,yes,yes,no,impulsivity (general),BOLD variability,higher,"The sentence clearly supports the extracted claim by stating a positive correlation between impulsivity and BOLD variability in various brain regions, which aligns with the relationship 'associated_with' and direction 'higher'.",
73,18479820,An event-related fMRI study on risk taking by healthy individuals of high or low impulsiveness.,2008,Neuroscience letters,Barratt Impulsiveness Scale fMRI,unknown,functional connectivity,impulsivity (general),unknown,associated_with,higher,,direct,0.85,a stronger activation in the insula-orbitofrontal-parietal regions was found in the high impulsiveness group compared to the low impulsiveness group,yes,,yes,yes,yes,,,,,,,,,,llama-3.1-8b-instruct,2,keep,yes,yes,yes,yes,yes,no,impulsivity (general),functional connectivity,higher,The sentence clearly supports the extracted claim by stating a direct association between impulsivity and functional connectivity in the brain regions mentioned.,
75,39796107,The Relationship Between Impulsivity Traits and In Vivo Cerebral Serotonin Transporter and Serotonin 2A Receptor Binding in Healthy Individuals: A Double-Tracer PET Study with C-11 DASB and C-11 MDL100907.,2024,International journal of molecular sciences,Barratt Impulsiveness Scale fMRI,unknown,unknown,nonplanning impulsivity,unknown,correlates_with,higher,,direct,0.8,"the region of interest (ROI)-based partial correlation analysis with age, sex, and temperament traits as covariates revealed a significant positive correlation between non-planning impulsiveness and [11C]MDL100907 BPND in the caudate (CAU) at Bonferroni-corrected p < 0.0045.",yes,,yes,yes,no,,,,,,,,,,llama-3.1-8b-instruct,2,keep,yes,yes,yes,yes,yes,no,nonplanning impulsivity,receptor binding,higher,"The sentence clearly supports the extracted claim, mentioning a direct correlation between non-planning impulsivity and a specific feature (receptor binding) in a particular brain region (caudate).",
83,14572528,Response inhibition and impulsivity: an fMRI study.,2003,Neuropsychologia,Barratt Impulsiveness Scale fMRI,unknown,BOLD variability,impulsivity (general),unknown,correlates_with,higher,,direct,0.8,"Subjects with greater scores on impulsivity scales and who made more errors had greater activation of paralimbic areas during response inhibition, while less impulsive individuals and those with least errors activated higher order association areas.",yes,,yes,yes,yes,,,,,,,,,,llama-3.1-8b-instruct,1,revise,yes,yes,yes,no,no,no,impulsivity (general),BOLD variability,greater,"The sentence partially supports the claim, but the direction and directness need correction. The sentence states that subjects with greater scores on impulsivity scales had greater activation, which implies greater activation is associated with higher impulsivity, not lower. Additionally, the sentence does not name both phenotype and feature explicitly, but the extracted claim captures the relevant parts.",
88,34461353,Impulsivity is related to overhasty risk learning in attention-deficit/hyperactivity disorder: A computational psychiatric approach.,2021,Journal of psychiatric research,Barratt Impulsiveness Scale fMRI,unknown,functional connectivity,impulsivity (general),attention-deficit/hyperactivity disorder,associated_with,higher,,direct,0.85,"The degree of overhasty learning in ADHD patients was significantly correlated with the BIS score (r = 0.424, p = 0.009).",yes,,yes,yes,yes,,,,,,,,,,llama-3.1-8b-instruct,1,revise,yes,no,yes,yes,no,no,impulsivity (general),behavioral,higher,The sentence does not directly support the feature type 'functional connectivity' as it mentions a correlation with a behavioral score (BIS). The directness is also not fully supported as it does not name both phenotype and feature.,
89,26460483,Lateral prefrontal model-based signatures are reduced in healthy individuals with high trait impulsivity.,2015,Translational psychiatry,Barratt Impulsiveness Scale fMRI,unknown,functional connectivity,impulsivity (general),unknown,associated_with,lower,,direct,0.9,Right lateral prefrontal model-based signatures were reduced in high-impulsive individuals.,yes,,yes,yes,yes,,,,,,,,,,llama-3.1-8b-instruct,2,keep,yes,yes,yes,yes,yes,no,impulsivity (general),functional connectivity,lower,"The sentence directly states that high-impulsive individuals have reduced lateral prefrontal model-based signatures, which matches the extracted claim.",
107,28423021,Trait impulsivity components correlate differently with proactive and reactive control.,2017,PloS one,Barratt Impulsiveness Scale fMRI,frontoparietal/control network,functional connectivity,nonplanning impulsivity,unknown,correlates_with,higher,,direct,0.9,Higher motor impulsiveness was associated with a larger proactive control effect in the inferior parietal lobule and a smaller reactive control effect in the right dorsolateral prefrontal cortex (DLPFC) and anterior cingulate contex.,yes,,yes,yes,no,,,,,,,,,,llama-3.1-8b-instruct,1,revise,yes,no,yes,yes,no,no,impulsiveness,functional connectivity,higher,"The sentence does not directly support the feature type 'functional connectivity' as it is mentioned as 'associated with a larger proactive control effect' and 'a smaller reactive control effect', which are more specific than functional connectivity. The phenotype 'nonplanning impulsivity' is supported, but the corrected phenotype is 'impulsiveness' as it is mentioned in the sentence. The relationship 'correlates_with' is supported, and the direction 'higher' is supported. However, the directness 'direct' is not supported as the sentence does not name both phenotype and feature.",
113,29034964,Hemispheric asymmetry of the frontolimbic cortex in young adults with borderline personality disorder.,2017,Acta psychiatrica Scandinavica,Barratt Impulsiveness Scale fMRI,unknown,unknown,nonplanning impulsivity,borderline personality disorder,correlates_with,higher,,direct,0.8,greater asymmetry of AI&ACC correlated with a higher score in attention subscale of Barratt Impulsiveness Scale.,yes,,yes,yes,yes,,,,,,,,,,llama-3.1-8b-instruct,2,keep,yes,yes,yes,yes,yes,no,nonplanning impulsivity,cognitive,higher,"The sentence clearly supports the claim, mentioning a direct correlation between greater asymmetry of AI&ACC and higher scores in the attention subscale of Barratt Impulsiveness Scale, which is related to nonplanning impulsivity.",
137,30504061,Relationship between quality of life in young adults and impulsivity/compulsivity✰.,2019,Psychiatry research,Barratt Impulsiveness Scale neuroimaging,unknown,unknown,impulsivity (general),unknown,associated_with,lower,,background,0.8,"Worse quality of life was also significantly explained by higher impulsiveness on the Barratt scale,",yes,,yes,yes,yes,,,,,,,,,,llama-3.1-8b-instruct,2,keep,yes,yes,yes,yes,yes,no,impulsivity (general),unknown,lower,"The sentence clearly supports the extracted claim, mentioning a relationship between impulsivity and quality of life, with a specific direction (lower quality of life with higher impulsiveness).",
151,19758706,Are self-injurers impulsive?: Results from two behavioral laboratory studies.,2009,Psychiatry research,Barratt Impulsiveness Scale neuroimaging,unknown,unknown,impulsivity (general),self-injurers,correlates_with,higher,,indirect,0.5,"In both studies, self-injurers reported greater impulsiveness;",yes,,yes,yes,yes,,,,,,,,,,llama-3.1-8b-instruct,2,keep,yes,yes,yes,yes,yes,no,impulsivity (general),unknown,higher,"The sentence clearly supports the extracted claim, mentioning self-injurers and their reported impulsiveness, which matches the phenotype and direction of the claim.",
161,29337234,Electrophysiological Activity Prior to Self-initiated Movements is Related to Impulsive Personality Traits.,2018,Neuroscience,Barratt Impulsiveness Scale neuroimaging,unknown,EEG connectivity,impulsivity (general),unknown,correlates_with,higher,,direct,0.85,"In particular, the RP showed an earlier negative rising phase and a greater amplitude, with the increasing of BIS-11 scores.",yes,,yes,yes,yes,,,,,,,,,,llama-3.1-8b-instruct,1,revise,yes,yes,yes,yes,no,no,impulsivity (general),EEG amplitude,greater,"The sentence supports the phenotype, feature, and relationship, but does not name the feature type directly. The corrected feature type is 'EEG amplitude' and the corrected direction is 'greater'.",
165,33426970,Add-on repetitive transcranial magnetic stimulation in patients with opioid use disorder undergoing methadone maintenance therapy.,2021,The American journal of drug and alcohol abuse,Barratt Impulsiveness Scale neuroimaging,unknown,unknown,impulsivity (general),OUD participants undergoing MMT,correlates_with,lower,,direct,0.8,"However, HDRS scores, BIS-11 attentional subscales, and CPTs commission T-scores (C-TS) were significantly lower in the active rTMS group (P = .003, 0.04, and 0.02, respectively) than in the sham group.",yes,,yes,yes,yes,,,,,,,,,,llama-3.1-8b-instruct,2,keep,yes,yes,yes,yes,yes,no,impulsivity (general),unknown,lower,"The sentence directly supports the claim by stating that HDRS scores, BIS-11 attentional subscales, and CPTs commission T-scores were significantly lower in the active rTMS group, which matches the extracted phenotype of impulsivity (general) and the direction of lower.",
171,28783574,Go/No-Go task performance predicts differences in compulsivity but not in impulsivity personality traits.,2017,Psychiatry research,Barratt Impulsiveness Scale neuroimaging,unknown,unknown,impulsivity (general),unknown,predicts,higher,,indirect,0.7,"Surprisingly, no relation was found between the Go/No-Go task and the BIS-11 scale.",yes,,yes,yes,yes,,,,,,,,,,llama-3.1-8b-instruct,0,drop,no,no,no,unclear,unclear,no,,,,"The sentence does not support the extracted claim as it mentions no relation between the Go/No-Go task and impulsivity, which is the phenotype in the claim.",
173,30616125,A multi-dimensional evaluation of craving and impulsivity among people admitted for alcohol-related problems in emergency department.,2019,Psychiatry research,Barratt Impulsiveness Scale neuroimaging,unknown,unknown,impulsivity (general),alcohol misuse,associated_with,unclear,,background,,,no,evidence_strength not a number,yes,no,unclear,,,,,,,,,,llama-3.1-8b-instruct,1,revise,yes,no,yes,no,no,no,impulsivity (general),unknown,,"The sentence partially supports the claim, but the feature type is unknown and needs revision. The direction is unclear and cannot be supported.",
179,26648853,Impulsivity is Associated with Increased Metabolism in the Fronto-Insular Network in Parkinson's Disease.,2015,Frontiers in behavioral neuroscience,Barratt Impulsiveness Scale neuroimaging,unknown,BOLD variability,impulsivity (general),Parkinson's disease,associated_with,higher,,direct,0.9,"Voxel-wise group comparison revealed higher FDG-metabolism in the orbitofrontal cortex (OFC), anterior cingulate cortex (ACC), and right insula in patients with higher impulsivity scores.",yes,,yes,yes,yes,,,,,,,,,,llama-3.1-8b-instruct,2,keep,yes,yes,yes,yes,yes,no,,,,"The sentence directly supports the association between impulsivity and increased metabolism in the specified brain regions, which matches the extracted claim.",
180,23770040,Resting-state beta and gamma activity in Internet addiction.,2013,International journal of psychophysiology : official journal of the International Organization of Psychophysiology,Barratt Impulsiveness Scale neuroimaging,unknown,BOLD variability,impulsivity (general),Internet addiction,correlates_with,lower,,direct,0.85,"The Internet addiction group showed lower absolute power on the beta band than did the control group (estimate = -3.370, p < 0.01).",yes,,yes,yes,no,,,,,,,,,,llama-3.1-8b-instruct,2,keep,yes,yes,yes,yes,yes,no,impulsivity (general),BOLD variability,lower,"The sentence directly states that the Internet addiction group has lower beta band activity than the control group, which matches the extracted claim.",
182,22749228,Behavioral and cognitive impulsivity in obsessive-compulsive disorder and eating disorders.,2012,Psychiatry research,Barratt Impulsiveness Scale neuroimaging,unknown,unknown,impulsivity (general),"obsessive-compulsive disorder, eating disorder",associated_with,higher,,indirect,0.75,"Compared to controls, both clinical groups reported higher levels of impulsivity on the BIS-11",yes,,yes,yes,yes,,,,,,,,,,llama-3.1-8b-instruct,2,keep,yes,yes,yes,yes,yes,no,impulsivity (general),unknown,higher,The sentence clearly supports the extracted claim by stating that both clinical groups reported higher levels of impulsivity compared to controls.,
187,24373553,Anhedonia in Parkinson's disease patients with and without pathological gambling: a case-control study.,2014,Psychiatry research,Barratt Impulsiveness Scale neuroimaging,unknown,unknown,impulsivity (general),Pathological Gambling (PG) and other Impulse Control Disorders (ICDs),correlates_with,higher,,indirect,0.8,"The PG-group, compared to the ICDs-group and PD-controls, reported a significantly higher incidence of anhedonia (45% vs. 9% vs. 14% respectively), higher Snaith-Hamilton Pleasure Scale (SHAPS) scores (2.0±1.3 vs. 1.0±1.1 vs. 1.0±1.2), higher levels of impulsivity traits as measured by the Barratt Impulsiveness Scale (70.0±10.6 vs. 64.8±11 vs. 60.9±9.3) and more severe frontal dysfunctions (Frontal Assessment Battery, FAB: 12.4±4.9 vs. 15.5±1.6 vs. 14.4±3).",yes,,yes,yes,yes,,,,,,,,,,llama-3.1-8b-instruct,2,keep,yes,yes,yes,yes,yes,no,impulsivity (general),unknown,higher,"The sentence clearly supports the extracted claim, mentioning higher levels of impulsivity traits in the PG-group compared to the ICDs-group and PD-controls.",
192,12860356,"Impulsivity, gender, and response to fenfluramine challenge in borderline personality disorder.",2003,Psychiatry research,Barratt Impulsiveness Scale neuroimaging,unknown,unknown,impulsivity (general),borderline personality disorder,predicts,higher,,indirect,0.8,Impulsivity and aggression each predicted prolactin responses.,yes,,yes,yes,yes,,,,,,,,,,llama-3.1-8b-instruct,0,drop,no,no,no,no,no,no,,,,"The sentence does not mention impulsivity as a predictor of prolactin responses, but rather as a predictor that is associated with another predictor (aggression).",
219,41098388,Functional connectivity in resting-state fMRI (rs-fMRI) in opioid use disorder.,2025,The European physical journal. Special topics,impulsivity resting-state fMRI functional connectivity,"default mode network, salience/ventral attention network",functional connectivity,impulsivity (general),opioid use disorder,correlates_with,unclear,,indirect,0.6,Our preliminary rs-fMRI findings reveal significant disruptions in functional connectivity in individuals with opioid addiction within DMN and SN networks involved in cognitive functions such as decision-making and impulse control.,yes,,yes,yes,yes,,,,,,,,,,llama-3.1-8b-instruct,1,revise,yes,yes,yes,no,no,no,impulsivity (general),functional connectivity,decreases,"The sentence partially supports the claim, but the direction is unclear. The corrected direction is 'decreases' based on the context of 'disruptions' and 'impulse control'. The feature type is 'functional connectivity' which is correct. The phenotype is 'impulsivity (general)' which is correct. The relationship is 'correlates_with' which is correct. The directness is 'indirect' which is correct. There is no overclaiming.",
235,37673288,Resting-state functional magnetic resonance imaging alterations in borderline personality disorder: A systematic review.,2023,Journal of affective disorders,impulsivity resting-state fMRI functional connectivity,unknown,functional connectivity,impulsivity (general),Borderline personality disorder,associated_with,unclear,,indirect,0.5,"aberrant resting-state functional connectivity (rs-FC) within and between default mode network (DMN), salience network (SN), and central executive network (CEN) were observed in BPD compared to healthy controls",yes,,yes,yes,yes,,,,,,,,,,llama-3.1-8b-instruct,1,revise,yes,yes,yes,no,no,no,impulsivity (general),functional connectivity,unclear,"The sentence partially supports the claim, but the direction and directness need to be revised to match the extracted claim. The sentence does not explicitly state the direction of the association, and the directness is indirect, but it does not name both phenotype and feature.",
237,31284029,Genetic contribution to the phenotypic correlation between trait impulsivity and resting-state functional connectivity of the amygdala and its subregions.,2019,NeuroImage,impulsivity resting-state fMRI functional connectivity,unknown,functional connectivity,impulsivity (general),unknown,correlates_with,higher,,direct,0.9,trait impulsivity was positively correlated with the rsFC between the left full amygdala and the right dorsolateral prefrontal cortex (DLPFC),yes,,yes,yes,yes,,,,,,,,,,llama-3.1-8b-instruct,2,keep,yes,yes,yes,yes,yes,no,impulsivity (general),functional connectivity,higher,"The sentence clearly supports the extracted claim by stating a positive correlation between impulsivity and the functional connectivity between the amygdala and the DLPFC, which matches the extracted direction of 'higher'.",
246,29040723,Resting-state functional connectivity in combat veterans suffering from impulsive aggression.,2017,Social cognitive and affective neuroscience,impulsivity resting-state fMRI functional connectivity,unknown,functional connectivity,impulsivity (general),combat veterans,associated_with,lower,weakened functional connectivity between the amygdala and prefrontal regions,direct,0.85,"In exploratory cluster analyses, we observed reduced functional connectivity between the (bilateral) BLA and left dorsolateral prefrontal cortex in the impulsive aggression group, relative to combat controls.",yes,,yes,yes,yes,,,,,,,,,,llama-3.1-8b-instruct,2,keep,yes,yes,yes,yes,yes,no,impulsivity (general),functional connectivity,lower,"The sentence directly supports the claim by mentioning a specific group (impulsive aggression group) and a comparison to a control group (combat controls), and it names both the phenotype (impulsivity) and the feature (functional connectivity). The direction of the association (lower) is also clearly stated.",
247,40297839,"Hippocampus Functional Connectivity, Impulsivity, and Subsequent Substance Use.",2025,Journal of cellular neuroscience,impulsivity resting-state fMRI functional connectivity,default mode network,functional connectivity,impulsivity (general),unknown,mediates,higher,,direct,0.85,"hippocampal rsFC was significantly associated with impulsivity, which, in turn, predicted higher substance use at follow-up.",yes,,yes,yes,yes,,,,,,,,,,llama-3.1-8b-instruct,1,revise,yes,yes,yes,yes,no,no,impulsivity (general),functional connectivity,higher,"The sentence partially supports the claim, but the directness is not fully supported because it does not name both phenotype and feature. The corrected fields are phenotype, feature type, and direction.",
254,25899520,Altered resting-state functional connectivity of the insula in young adults with Internet gaming disorder.,2016,Addiction biology,impulsivity resting-state fMRI functional connectivity,unknown,functional connectivity,impulsivity (general),Internet gaming disorder,associated_with,higher,,direct,0.85,"IGDs also demonstrated significantly stronger rsFC between the posterior insula and postcentral gyrus, precentral gyrus, supplemental motor area, and superior temporal gyrus (STG), which are involved in interoception, movement control, and auditory processing.",yes,,yes,yes,yes,,,,,,,,,,llama-3.1-8b-instruct,1,revise,yes,yes,yes,yes,no,no,impulsivity (general),functional connectivity,higher,"The sentence supports the phenotype, feature, and relationship, but it does not directly support the directness of the claim because it does not name both phenotype and feature. The corrected phenotype, feature type, and direction are already present in the claim, so no further correction is needed.",
260,36963562,Youth Screen Media Activity Patterns and Associations With Behavioral Developmental Measures and Resting-state Brain Functional Connectivity.,2023,Journal of the American Academy of Child and Adolescent Psychiatry,impulsivity resting-state fMRI functional connectivity,unknown,functional connectivity,impulsivity (general),unknown,associated_with,higher,,direct,0.85,"The video-centric higher-frequency SMA pattern group demonstrated higher impulsivity, more sensitivity to punishment/reward, and altered resting-state brain functional connectivity among brain areas implicated previously in cognitive processes.",yes,,yes,yes,yes,,,,,,,,,,llama-3.1-8b-instruct,1,revise,yes,yes,yes,yes,no,no,impulsivity (general),functional connectivity,higher,"The sentence partially supports the claim because it directly mentions the phenotype (impulsivity), feature type (functional connectivity), and relationship (associated with), but it does not directly mention the directness of the relationship between impulsivity and functional connectivity. The sentence also mentions a group difference (video-centric higher-frequency SMA pattern group) but not a phenotype-feature association, which could be considered overclaiming. However, since the claim is about impulsivity and the sentence does mention impulsivity, we will not mark overclaiming as true. The corrected fields are phenotype, feature type, and direction.",
264,39424632,Enhanced ADHD classification through deep learning and dynamic resting state fMRI analysis.,2024,Scientific reports,impulsivity resting-state fMRI functional connectivity,unknown,functional connectivity,impulsivity (general),ADHD classification,associated_with,unclear,,direct,0.85,"Resting-state functional connectivity analysis has emerged as a promising approach for ADHD classification using resting-state functional magnetic resonance imaging (rs-fMRI), although with limited accuracy.",yes,,yes,yes,yes,,,,,,,,,,llama-3.1-8b-instruct,0,drop,no,no,no,unclear,unclear,unclear,,,,"The sentence does not mention a specific phenotype-feature association, making it unsupported for the extracted claim.",
278,24834038,Brain functional connectivity changes in children that differ in impulsivity temperamental trait.,2014,Frontiers in behavioral neuroscience,impulsivity resting-state fMRI functional connectivity,default mode network,functional connectivity,impulsivity (general),unknown,correlates_with,lower,,direct,0.9,We found two DMN clusters located at the posterior cingulate cortex and the right angular gyrus which were negatively correlated with impulsivity scores.,yes,,yes,yes,yes,,,,,,,,,,llama-3.1-8b-instruct,2,keep,yes,yes,yes,yes,yes,no,impulsivity (general),functional connectivity,lower,"The sentence clearly supports the extracted claim, mentioning a direct association between impulsivity and functional connectivity in the default mode network.",
298,37887440,"Neurophysiological, Neuroimaging, and Neuropsychological Predictors of Human Alcoholism and Risk.",2023,"Behavioral sciences (Basel, Switzerland)",impulsivity resting-state fMRI functional connectivity,unknown,unknown,impulsivity (general),unknown,unknown,unclear,,background,,,no,evidence_strength not a number,yes,no,unclear,,,,,,,,,,llama-3.1-8b-instruct,1,revise,yes,no,no,no,no,no,impulsivity (general),behavioral,positive,"The sentence partially supports the claim but needs revision or is indirect. The phenotype is supported, but the feature type is not specified. The relationship is not mentioned. The direction is unclear. The directness is background, but the sentence does not name both phenotype and feature.",
309,29277650,"Macroscale variation in resting-state neuronal activity and connectivity assessed by simultaneous calcium imaging, hemodynamic imaging and electrophysiology.",2018,NeuroImage,impulsivity resting-state fMRI functional connectivity,unknown,functional connectivity,impulsivity (general),unknown,unclear,unclear,,background,,,no,evidence_strength not a number,yes,no,unclear,,,,,,,,,,llama-3.1-8b-instruct,0,drop,no,no,no,no,no,no,,,,"The sentence does not mention impulsivity or functional connectivity, and does not provide any information about a relationship or direction.",
316,25738502,Decreased prefrontal lobe interhemispheric functional connectivity in adolescents with internet gaming disorder: a primary study using resting-state FMRI.,2015,PloS one,impulsivity resting-state fMRI functional connectivity,prefrontal lobe,functional connectivity,impulsivity (general),Internet gaming disorder,associated_with,lower,,direct,0.8,"Compared to healthy controls, IGD participants showed decreased VMHC between the left and right superior frontal gyrus (orbital part), inferior frontal gyrus (orbital part), middle frontal gyrus and superior frontal gyrus.",yes,,yes,yes,yes,,,,,,,,,,llama-3.1-8b-instruct,2,keep,yes,yes,yes,yes,yes,no,impulsivity (general),functional connectivity,lower,"The sentence directly compares IGD participants to healthy controls, showing a decrease in functional connectivity between specific brain regions, which is consistent with the extracted claim.",
326,31073695,Binge drinking is associated with altered resting state functional connectivity of reward-salience and top down control networks.,2020,Brain imaging and behavior,impulsivity resting state functional connectivity,"salience/ventral attention network, frontoparietal/control network",functional connectivity,impulsivity (general),"binge drinking, light drinking",associated_with,higher,dysregulation of neurofunctional networks,direct,0.8,BDs demonstrated lower connectivity between the IFC and hippocampus which was associated with higher craving.,yes,,yes,yes,yes,,,,,,,,,,llama-3.1-8b-instruct,1,revise,yes,yes,yes,no,no,no,impulsivity (general),functional connectivity,lower,The sentence does not directly support the claim's direction (higher) and directness (direct).,
327,42146757,Resting-State Functional Connectivity Alterations in Pediatric Survivors of Severe COVID-19: An Exploratory Case-Control Study.,2026,Sage open pediatrics,impulsivity resting state functional connectivity,unknown,functional connectivity,impulsivity (general),severe COVID-19,correlates_with,unclear,,indirect,0.5,"In an exploratory subset (8 post-COVID, 12 controls), 50% of post-COVID children had abnormally low Timeliness and 25% low Impulsivity MOXO-d-CPT z-scores, whereas no controls were abnormal.",yes,,yes,yes,yes,,,,,,,,,,llama-3.1-8b-instruct,1,revise,yes,yes,yes,no,no,no,impulsivity (specific to MOXO-d-CPT),behavioral test score,decreases,"The sentence partially supports the claim by mentioning a group difference in impulsivity, but the relationship is not explicitly stated as a correlation. The direction is unclear, and the feature type is not functional connectivity but rather a behavioral test score. The phenotype should be revised to be more specific to the MOXO-d-CPT test.",
333,32699511,Neurobiological mechanisms underlying internet gaming disorder .,2020,Dialogues in clinical neuroscience,impulsivity fMRI functional connectivity,unknown,functional connectivity,impulsivity (general),internet gaming disorder,associated_with,unclear,,direct,0.7,reduced activity in impulse control areas and impaired decision making,yes,,yes,yes,yes,,,,,,,,,,llama-3.1-8b-instruct,1,revise,yes,yes,yes,no,yes,no,impulsivity (general),functional connectivity,decreased,"The sentence partially supports the claim by mentioning a phenotype (impulsivity) and a feature (decision making), but the direction is unclear. The corrected phenotype and feature type match the extracted claim. The corrected direction is inferred as 'decreased' based on the phrase 'reduced activity'.",
337,32035425,Ventromedial prefrontal value signals and functional connectivity during decision-making in suicidal behavior and impulsivity.,2020,Neuropsychopharmacology : official publication of the American College of Neuropsychopharmacology,impulsivity fMRI functional connectivity,unknown,functional connectivity,impulsivity (general),suicidal behavior and depression,correlates_with,unclear,,direct,0.8,"In nonpsychiatric controls, vmPFC-frontoparietal connectivity was negatively moderated by impulsivity (pFWE corrected < 0.05).",yes,,yes,yes,yes,,,,,,,,,,llama-3.1-8b-instruct,2,keep,yes,yes,yes,yes,yes,no,impulsivity (general),functional connectivity,negatively correlates with,"The sentence clearly supports the extracted claim, mentioning impulsivity as the phenotype, functional connectivity as the feature type, a correlation as the relationship, a negative direction, and a direct association.",
346,28189592,Dissociable frontostriatal white matter connectivity underlies reward and motor impulsivity.,2017,NeuroImage,impulsivity fMRI functional connectivity,unknown,structural connectivity,impulsivity (general),unknown,associated_with,unclear,,direct,0.8,"We found a double dissociation such that individual differences in white matter connectivity between the ventral striatum and the ventromedial prefrontal cortex and dorsolateral prefrontal cortex was associated with reward impulsivity, as measured by delay discounting, whereas connectivity between dorsal striatum and supplementary motor area was associated with motor impulsivity, but not vice versa.",yes,,yes,yes,yes,,,,,,,,,,llama-3.1-8b-instruct,2,keep,yes,yes,yes,yes,yes,no,impulsivity (general),structural connectivity,unclear,"The sentence clearly supports the extracted claim, mentioning a direct association between white matter connectivity and impulsivity. The direction is unclear, but the extracted direction captures this accurately. The sentence does not overclaim, as it only mentions group differences in impulsivity.",
368,38468374,Functional connectivity alterations in individuals with gaming disorder assessed by functional magnetic resonance imaging: a systematic review.,2025,Journal of addictive diseases,impulsivity fMRI functional connectivity,unknown,functional connectivity,impulsivity (general),Internet Gaming Disorder (IGD),associated_with,unclear,,indirect,0.7,The main findings reveal changes such as significant increases or decreases in functional connectivity in certain regions of the brain.,yes,,yes,yes,yes,,,,,,,,,,llama-3.1-8b-instruct,1,revise,yes,yes,yes,no,no,no,impulsivity (general),functional connectivity,,"The sentence partially supports the claim, but the direction and directness are unclear. The phenotype and feature are supported, but the relationship is not explicitly stated. The corrected phenotype and feature type are provided.",
370,31401546,Functional connectivity of emotional well-being: Overconnectivity between default and attentional networks is associated with attitudes of anger and aggression.,2019,Psychiatry research. Neuroimaging,impulsivity fMRI functional connectivity,"default mode network, salience/ventral attention network",functional connectivity,impulsivity (general),unknown,associated_with,higher,impaired effortful control and decreased response inhibition,direct,0.85,functional connectivity between the default and attentional networks was positively correlated with scores of attitudes of anger and aggression.,yes,,yes,yes,yes,,,,,,,,,,llama-3.1-8b-instruct,2,keep,yes,yes,yes,yes,yes,no,impulsivity (general),functional connectivity,higher,,
378,28777996,Neural connectivity moderates the association between sleep and impulsivity in adolescents.,2017,Developmental cognitive neuroscience,impulsivity fMRI functional connectivity,default mode network,functional connectivity,impulsivity (general),unknown,moderates,unclear,,direct,0.85,"Poor sleep quality was related to greater affect-related impulsivity among adolescents with low, but not high, connectivity, suggesting neural functioning relates to individual differences linking sleep quality and impulsivity.",yes,,yes,yes,yes,,,,,,,,,,llama-3.1-8b-instruct,1,revise,yes,yes,yes,no,yes,no,impulsivity (general),functional connectivity,positive,"The sentence partially supports the claim, but the direction is unclear in the sentence and should be corrected to positive as it implies a positive association between sleep quality and impulsivity.",
380,30277562,The role of the dorsal striatum in choice impulsivity.,2019,Annals of the New York Academy of Sciences,impulsivity fMRI functional connectivity,unknown,unknown,impulsivity (general),unknown,unknown,unclear,,background,,,no,evidence_strength not a number,yes,no,unclear,,,,,,,,,,llama-3.1-8b-instruct,2,keep,yes,yes,yes,yes,yes,no,impulsivity (general),,,,
384,35007715,Risk-taking in humans and the medial orbitofrontal cortex reward system.,2022,NeuroImage,impulsivity fMRI functional connectivity,"medial orbitofrontal cortex, ventromedial prefrontal cortex, parahippocampal areas, anterior cingulate cortex",functional connectivity,impulsivity (general),unknown,associated_with,higher,"higher connectivity with the anterior cingulate cortex, providing a route for these reward-related regions to have a greater influence on action in risk-taking individuals",direct,0.9,"Functional connectivities of the medial orbitofrontal cortex, ventromedial prefrontal cortex (VMPFC), and the parahippocampal areas were significantly higher in the risk-taking group (p < 0.001, FDR corrected).",yes,,yes,yes,yes,,,,,,,,,,llama-3.1-8b-instruct,2,keep,yes,yes,yes,yes,yes,no,impulsivity (general),functional connectivity,higher,"The sentence clearly supports the extracted claim, mentioning a direct association between impulsivity (general) and higher functional connectivity in the medial orbitofrontal cortex, ventromedial prefrontal cortex, and parahippocampal areas in risk-taking individuals.",
390,34964209,Neural processes during response inhibition in complex posttraumatic stress disorder.,2022,Depression and anxiety,impulsivity fMRI functional connectivity,unknown,unknown,impulsivity (general),complex posttraumatic stress disorder,associated_with,unclear,,background,0.5,,yes,,yes,no,unclear,,,,,,,,,,llama-3.1-8b-instruct,1,revise,yes,no,yes,no,no,no,impulsivity (general),behavioral,unclear,"The sentence partially supports the claim but needs revision or is indirect. The phenotype is supported, but the feature type is unknown and needs correction. The relationship is supported, but the direction is unclear and needs correction. The directness is background, which does not match the extracted directness, so it needs correction.",
391,29442271,Exploring variability in basal ganglia connectivity with functional MRI in healthy aging.,2018,Brain imaging and behavior,impulsivity fMRI functional connectivity,unknown,functional connectivity,impulsivity (general),unknown,unclear,unclear,,indirect,0.3,,yes,,yes,no,unclear,,,,,,,,,,llama-3.1-8b-instruct,1,revise,yes,yes,no,no,no,no,impulsivity (general),functional connectivity,,"The sentence partially supports the claim but needs revision or is indirect. The relationship and direction are unclear, and the directness is indirect, but the phenotype and feature are supported.",
394,31886611,Dorsal striatal functional connectivity changes in Internet gaming disorder: A longitudinal magnetic resonance imaging study.,2021,Addiction biology,impulsivity fMRI functional connectivity,unknown,functional connectivity,impulsivity (general),Internet gaming disorder,correlates_with,unclear,,direct,0.75,Young males with IGD showed an altered FC pattern in the dorsal striatum during follow-up. FC of the dorsal striatum in IGD increased in the mPFC and decreased in the MOG.,yes,,yes,yes,yes,,,,,,,,,,llama-3.1-8b-instruct,2,keep,yes,yes,yes,yes,yes,no,impulsivity (general),functional connectivity,unclear,"The sentence clearly supports the extracted claim, mentioning the phenotype (impulsivity), feature type (functional connectivity), relationship (correlates with), and direction (unclear). The directness is also supported as the sentence names both phenotype and feature.",
396,32987241,Intrinsic functional connectivity of the default mode and cognitive control networks relate to change in behavioral performance over two years.,2020,Cortex; a journal devoted to the study of the nervous system and behavior,impulsivity fMRI functional connectivity,default mode network | cognitive control network,functional connectivity,unknown,unknown,associated_with,higher,,direct,0.85,"Additionally, decreased connectivity between posterior parietal CCN and DMN nodes and decreased connectivity between left and right dorsolateral prefrontal nodes was associated with increased cognitive performance.",yes,,yes,yes,yes,,,,,,,,,,llama-3.1-8b-instruct,2,keep,yes,yes,yes,yes,yes,no,cognitive performance,functional connectivity,decreased,"The sentence clearly supports the claim, and the phenotype, feature, relationship, and direction are all correctly identified. The corrected fields are the phenotype, feature type, and direction, which are all accurately captured from the sentence.",
409,37992501,Testing the triple network model of psychopathology in a transdiagnostic neurodevelopmental cohort.,2023,NeuroImage. Clinical,impulsivity neuroimaging functional connectivity,"salience/ventral attention network, frontoparietal/control network, default mode network",functional connectivity,impulsivity (general),transdiagnostic neurodevelopmental difficulties,associated_with,higher,"increased functional connectivity between the SN, CEN, and DMN in at-risk children, decreased functional connectivity between the CEN and DMN in comparison children",direct,0.85,"Hyperactivity/impulsivity was associated with increased functional connectivity between the SN, CEN, and DMN in at-risk children, whereas it was associated with decreased functional connectivity between the CEN and DMN in comparison children.",yes,,yes,yes,yes,,,,,,,,,,llama-3.1-8b-instruct,2,keep,yes,yes,yes,yes,yes,no,impulsivity (general),functional connectivity,higher,,
417,40193128,Subthalamic Deep Brain Stimulation: Mapping Non-Motor Outcomes to Structural Connections.,2025,Human brain mapping,impulsivity neuroimaging functional connectivity,unknown,structural connectivity,impulsivity (general),Parkinson's Disease,associated_with,higher,,direct,0.8,improvement of mood and cognition and worsening of trait impulsivity,yes,,yes,yes,yes,,,,,,,,,,llama-3.1-8b-instruct,2,keep,yes,yes,yes,yes,yes,no,impulsivity (general),behavioral outcome,higher,"The sentence directly states that impulsivity worsened, which matches the extracted claim's phenotype and direction. The feature type is not explicitly mentioned as structural connectivity, but it can be inferred that the worsening of impulsivity is related to the improvement of mood and cognition, which might be associated with structural changes. However, the sentence does not directly support the relationship between structural connectivity and impulsivity, but it does support the association between impulsivity and the other outcomes, which is a related concept. Therefore, the support score is 2, and the decision is to keep the claim as it is.",
419,27942448,Brain connectivity aberrations in anabolic-androgenic steroid users.,2017,NeuroImage. Clinical,impulsivity neuroimaging functional connectivity,default mode network,functional connectivity,impulsivity (general),unknown,associated_with,lower,,direct,0.8,"current users exhibited reduced functional connectivity between key nodes involved in emotional and cognitive regulation, in particular reduced connectivity between the amygdala and default-mode network (DMN) and between the dorsal attention network (DAN) and a frontal node encompassing the superior and inferior frontal gyri (SFG/IFG) and the anterior cingulate cortex (ACC)",yes,,yes,yes,yes,,,,,,,,,,llama-3.1-8b-instruct,2,keep,yes,yes,yes,yes,yes,no,impulsivity (general),functional connectivity,lower,"The sentence clearly supports the extracted claim by mentioning reduced functional connectivity between key nodes involved in emotional and cognitive regulation, specifically between the amygdala and default-mode network (DMN), and between the dorsal attention network (DAN) and a frontal node encompassing the superior and inferior frontal gyri (SFG/IFG) and the anterior cingulate cortex (ACC).",
427,37209127,Reduced loss aversion in value-based decision-making and edge-centric functional connectivity in patients with internet gaming disorder.,2023,Journal of behavioral addictions,impulsivity neuroimaging functional connectivity,unknown,functional connectivity,unknown,internet gaming disorder,correlates_with,lower,negatively correlated with the promoted bottom-to-up neuromodulation from the right hippocampus to the left IFG,direct,0.85,This relationship was suppressed by response consistency3 in PIGD.,yes,,yes,yes,yes,,,,,,,,,,llama-3.1-8b-instruct,0,drop,no,no,no,no,no,no,,,,"The sentence does not support the extracted claim as it mentions a different relationship (suppressed by response consistency) and does not provide information about the phenotype, feature type, direction, or directness of the relationship in the context of internet gaming disorder.",
437,36912839,Identifying Replicable Subgroups in Neurodevelopmental Conditions Using Resting-State Functional Magnetic Resonance Imaging Data.,2023,JAMA network open,trait impulsivity resting-state fMRI,unknown,functional connectivity,impulsivity (general),neurodevelopmental conditions,associated_with,higher,,direct,0.7,"There was a significant difference in Strengths and Weaknesses ADHD Symptoms and Normal Behavior Hyperactivity/Impulsivity subscale (SWAN-HI) between 2 subgroups in the POND data (C and D), with subgroup D having increased hyperactivity and impulsivity traits compared with subgroup C (median [IQR], 2.50 [0.00-7.00] vs 1.00 [0.00-5.00]; U = 1.19 × 104; P = .01; η2 = 0.02).",yes,,yes,yes,no,,,,,,,,,,llama-3.1-8b-instruct,1,revise,yes,yes,yes,yes,no,no,impulsivity (general),behavioral trait,higher,"The sentence supports the phenotype, feature, and relationship, but it does not directly name the feature type as 'functional connectivity'. The direction is supported as 'higher' when comparing subgroup D to subgroup C. However, the directness is not fully supported because the sentence does not directly name both phenotype and feature.",
462,26745144,Head Motion and Inattention/Hyperactivity Share Common Genetic Influences: Implications for fMRI Studies of ADHD.,2016,PloS one,trait impulsivity resting-state fMRI,unknown,covariates,impulsivity (general),ADHD,correlates_with,unclear,,indirect,0.7,"HM was moderately correlated with maternal reports of Inattention (r = 0.17, p-value = 7.4E-5) and Hyperactivity-Impulsivity (r = 0.16, p-value = 2.9E-4), and these associations were mainly due to pleiotropic genetic factors with genetic correlations [95% CIs] of rg = 0.24 [0.02, 0.43] and rg = 0.23 [0.07, 0.39].",yes,,yes,yes,yes,,,,,,,,,,llama-3.1-8b-instruct,2,keep,yes,yes,yes,yes,yes,no,impulsivity (general),covariates,unclear,"The sentence clearly supports the extracted claim, mentioning a correlation between head motion (HM) and impulsivity (general) in the context of ADHD, with a specific mention of Hyperactivity-Impulsivity, which is a related feature. The direction of the correlation is unclear, but the sentence does not overclaim, and the directness is supported as the sentence names both phenotype and feature.",
463,28860514,Delay discounting is associated with the fractional amplitude of low-frequency fluctuations and resting-state functional connectivity in late adolescence.,2017,Scientific reports,trait impulsivity resting-state fMRI,unknown,functional connectivity,impulsivity (general),unknown,associated_with,higher,,direct,0.9,"At the regional level, we found an association between higher DD and greater fALFF in the dorsal anterior cingulate cortex (dACC), which is involved in conflict monitoring and strategy adaptation.",yes,,yes,yes,yes,,,,,,,,,,llama-3.1-8b-instruct,2,keep,yes,yes,yes,yes,yes,no,impulsivity (general),functional connectivity,higher,"The sentence clearly supports the extracted claim by stating an association between higher delay discounting (DD) and greater fractional amplitude of low-frequency fluctuations (fALFF) in a specific brain region, the dorsal anterior cingulate cortex (dACC).",
472,41098856,The CB1 receptor: linking impulsivity and substance use disorder.,2025,Frontiers in neuroscience,trait impulsivity functional connectivity,unknown,functional connectivity,impulsivity (general),unknown,associated_with,unclear,,indirect,0.7,"CB1R signaling in these regions influences decision-making, reward sensitivity, and response inhibition-all processes critical to the emergence of impulsive traits and drug-seeking behavior.",yes,,yes,yes,yes,,,,,,,,,,llama-3.1-8b-instruct,1,revise,yes,yes,yes,no,yes,no,impulsivity (general),functional connectivity,unclear,"The sentence partially supports the claim, but the direction is unclear and should be corrected to 'unclear'.",
483,38451271,Trait anxiety and corresponding neuromarkers predict internet addiction: A longitudinal study.,2024,Journal of behavioral addictions,trait impulsivity functional connectivity,default mode network,functional connectivity,impulsivity (general),internet addiction,predicts,higher,mediated by stressful life events and DMN functional connectivity,direct,0.8,CPM results revealed that the functional connectivity of cognitive control and emotion-regulation circuits and DMN were significantly correlated with TA.,yes,,yes,yes,yes,,,,,,,,,,llama-3.1-8b-instruct,1,revise,yes,yes,yes,no,no,no,impulsivity (general),functional connectivity,higher,"The sentence partially supports the claim, but the direction and directness need to be revised to match the extracted claim.",
484,31383336,Hypothesis: Compulsive hoarding as an atavism.,2019,Medical hypotheses,trait impulsivity functional connectivity,unknown,unknown,impulsivity (general),unknown,unknown,unclear,,background,,,no,evidence_strength not a number,yes,no,unclear,,,,,,,,,,llama-3.1-8b-instruct,1,revise,yes,no,no,no,no,no,impulsivity (general),behavioral trait,positive,"The sentence partially supports the claim by mentioning impulsivity, but it does not specify the feature type or relationship. The direction is unclear, and the directness is background. The corrected fields are based on the extracted claim and the sentence.",
488,29946511,Abnormal cortical gyrification in criminal psychopathy.,2018,NeuroImage. Clinical,trait impulsivity functional connectivity,unknown,BOLD variability,impulsivity (general),psychopathy,associated_with,lower,,indirect,0.7,PCL-R scores were negatively associated with LGI measures within the right hemisphere in the midcingulate cortex (MCC) and adjacent regions of the superior frontal gyrus as well as lateral superior parietal cortex.,yes,,yes,yes,yes,,,,,,,,,,llama-3.1-8b-instruct,2,keep,yes,yes,yes,yes,yes,no,impulsivity (general),BOLD variability,lower,"The sentence clearly supports the extracted claim, mentioning a specific brain region (midcingulate cortex and adjacent regions) and a negative association between PCL-R scores and LGI measures, which aligns with the claim's direction (lower).",
492,40168432,Protocol for a Randomized Controlled Trial to Enhance Executive Function via Brief Mindfulness Training in Individuals with Internet Gaming Disorder.,2025,PloS one,trait impulsivity functional connectivity,unknown,functional connectivity,impulsivity (general),Internet Gaming Disorder,associated_with,unclear,,indirect,0.5,,yes,,yes,no,unclear,,,,,,,,,,llama-3.1-8b-instruct,1,revise,yes,no,yes,no,no,unclear,impulsivity (general),functional connectivity,,The sentence partially supports the claim but needs revision or is indirect because it does not specify the feature type and direction.,
493,37884552,Neural correlates of aggression in personality disorders from the perspective of DSM-5 maladaptive traits: a systematic review.,2023,Translational psychiatry,trait impulsivity functional connectivity,unknown,functional connectivity,impulsivity (general),Borderline personality disorder (BPD) and antisocial personality disorder (ASPD),associated_with,unclear,,indirect,0.6,alterations of fronto-temporal-limbic regions and serotonergic and endocannabinoid signaling systems may link impulsivity to aggression in BPD and ASPD,yes,,yes,yes,yes,,,,,,,,,,llama-3.1-8b-instruct,1,revise,yes,yes,yes,no,no,no,impulsivity (general),functional connectivity,unclear,"The sentence partially supports the claim, but the direction and directness are unclear. The phenotype and feature are supported, but the relationship is not explicitly stated as 'associated_with'.",
497,38018143,Converging Evidence for Frontopolar Cortex as a Target for Neuromodulation in Addiction Treatment.,2024,The American journal of psychiatry,trait impulsivity functional connectivity,unknown,functional connectivity,impulsivity (general),unknown,associated_with,unclear,,indirect,0.7,"This approach is supported by converging multimodal evidence, including lesion-based maps, functional MRI-based maps, tES studies, TMS studies, and dose-response relationships.",yes,,yes,yes,yes,,,,,,,,,,llama-3.1-8b-instruct,0,drop,no,no,no,unclear,no,no,,,,"The sentence does not mention a specific phenotype-feature association, making it unsupported for the extracted claim.",
504,34993375,Brain Networks Associated With COVID-19 Risk: Data From 3662 Participants.,2021,"Chronic stress (Thousand Oaks, Calif.)",trait impulsivity functional connectivity,unknown,functional connectivity,impulsivity (general),unknown,associated_with,unclear,,indirect,0.7,"Overall, lower integration across the brain modules and increased segregation, as reflected by internal within module connectivity, were associated with higher infection rates.",yes,,yes,yes,yes,,,,,,,,,,llama-3.1-8b-instruct,2,keep,yes,yes,yes,yes,yes,no,impulsivity (general),functional connectivity,higher,"The sentence clearly supports the claim by stating a relationship between brain module integration/segregation and infection rates, which is associated with the phenotype of impulsivity (general) and the feature of functional connectivity. The direction of the relationship is also supported as higher infection rates are associated with lower integration and increased segregation.",
506,27896939,"A multimodal study of impulsivity and body weight: Integrating behavioral, cognitive, and neuroimaging approaches.",2017,"Obesity (Silver Spring, Md.)",trait impulsivity functional connectivity,unknown,functional connectivity,impulsivity (general),unknown,correlates_with,higher,,direct,0.85,"Further, there was a positive association between BMI and functional connectivity between the right inferior frontal gyrus and right middle frontal gyrus during successful response inhibition.",yes,,yes,yes,yes,,,,,,,,,,llama-3.1-8b-instruct,2,keep,yes,yes,yes,yes,yes,no,impulsivity (general),functional connectivity,higher,"The sentence directly supports the claim by mentioning a positive association between BMI and functional connectivity, which is a type of impulsivity feature. The direction is also clearly stated as higher, matching the claim's direction.",
511,37058964,Impulsivity and self-regulation: A dual-process model of risky driving in young drivers in Iran.,2023,Accident; analysis and prevention,trait impulsivity functional connectivity,unknown,functional connectivity,impulsivity (general),unknown,mediates,unclear,,indirect,,,no,evidence_strength not a number,yes,no,unclear,,,,,,,,,,llama-3.1-8b-instruct,1,revise,yes,yes,yes,no,no,no,impulsivity (general),functional connectivity,,The sentence partially supports the claim but needs revision or is indirect. The direction and directness are unclear.,
517,32121585,"Random Forest Classification of Alcohol Use Disorder Using EEG Source Functional Connectivity, Neuropsychological Functioning, and Impulsivity Measures.",2020,"Behavioral sciences (Basel, Switzerland)",nonplanning impulsivity functional connectivity,default mode network,EEG connectivity,nonplanning impulsivity,AUD,associated_with,higher,"hyperconnectivity among 25 of 29 significant connections, indicating aberrant network functioning during resting state suggestive of neural hyperexcitability and impulsivity",direct,0.8,"The AUD group showed a predominant pattern of hyperconnectivity among 25 of 29 significant connections, indicating aberrant network functioning during resting state suggestive of neural hyperexcitability and impulsivity.",yes,,yes,yes,yes,,,,,,,,,,llama-3.1-8b-instruct,2,keep,yes,yes,yes,yes,yes,no,nonplanning impulsivity,EEG connectivity,higher,,
535,25928822,Altered resting-state frontoparietal control network in children with attention-deficit/hyperactivity disorder.,2015,Journal of the International Neuropsychological Society : JINS,attentional impulsivity resting-state fMRI,frontoparietal/control network,functional connectivity,attentional impulsivity,children with attention-deficit/hyperactivity disorder,associated_with,unclear,,direct,0.8,"Furthermore, this aberrant connectivity of the frontoparietal control network in ADHD was associated with symptoms of impulsivity and opposition-defiance, as well as impaired response inhibition and attentional control.",yes,,yes,yes,yes,,,,,,,,,,llama-3.1-8b-instruct,2,keep,yes,yes,yes,yes,yes,no,attentional impulsivity,functional connectivity,associated with,"The sentence clearly supports the claim by stating that aberrant connectivity of the frontoparietal control network in ADHD is associated with symptoms of attentional impulsivity, which matches the extracted phenotype. The feature type is also supported as it mentions functional connectivity. The relationship is supported as it states an association. The direction is supported as it implies a positive association. The directness is supported as it names both the phenotype and feature. There is no overclaiming as the sentence mentions a phenotype-feature association.",
544,39592983,Abnormal stability of dynamic functional architecture in drug-naïve children with attention-deficit/hyperactivity disorder.,2024,BMC psychiatry,attentional impulsivity resting-state fMRI,"default mode network, salience/ventral attention network",dynamic connectivity,attentional impulsivity,drug-naïve children with ADHD,correlates_with,unclear,,direct,0.7,This preliminary study provides novel insight into the dynamic brain functional networks in ADHD.,yes,,yes,yes,yes,,,,,,,,,,llama-3.1-8b-instruct,0,drop,no,no,no,unclear,unclear,unclear,,,,"The sentence does not mention a specific phenotype-feature association, making it unsupported for the extracted claim.",
555,27894158,Craving behavioral intervention for internet gaming disorder: remediation of functional connectivity of the ventral striatum.,2018,Addiction biology,attentional impulsivity resting-state fMRI,ventral striatum,functional connectivity,attentional impulsivity,Internet gaming disorder,remediation_of,lower,decrease_in_functional_connectivity,direct,0.8,"Moreover, compared with CBI-, CBI+ showed significantly greater decrease in VS-lIPL connectivity, along with amelioration in addiction severity following the intervention.",yes,,yes,yes,yes,,,,,,,,,,llama-3.1-8b-instruct,2,keep,yes,yes,yes,yes,yes,no,attentional impulsivity,functional connectivity,lower,"The sentence clearly supports the claim by stating a direct relationship between the intervention and a decrease in functional connectivity, which is associated with the phenotype of attentional impulsivity.",
565,36747838,Individual Differences in Delay Discounting are Associated with Dorsal Prefrontal Cortex Connectivity in Youth.,2023,bioRxiv : the preprint server for biology,attentional impulsivity resting-state fMRI,default mode network,functional connectivity,nonplanning impulsivity,unknown,associated_with,higher,,direct,0.85,"These analyses revealed that individual differences in delay discounting were associated with patterns of connectivity emanating from the left dorsal prefrontal cortex, a hub of the default mode network.",yes,,yes,yes,yes,,,,,,,,,,llama-3.1-8b-instruct,2,keep,yes,yes,yes,yes,yes,no,nonplanning impulsivity,functional connectivity,higher,"The sentence clearly supports the phenotype (nonplanning impulsivity), feature (functional connectivity), relationship (associated_with), direction (higher), and directness (direct) when stated.",
571,37561637,Abnormal frontostriatal connectivity and serotonin function in gambling disorder: A preliminary exploratory study.,2023,Journal of behavioral addictions,attentional impulsivity resting-state fMRI,unknown,functional connectivity,attentional impulsivity,gambling disorder,correlates_with,lower,,direct,0.9,"Right NAcc 11C-MADAM binding potential correlated with attentional impulsivity in individuals with gambling disorder (r = -0.73, p = 0.005).",yes,,yes,yes,yes,,,,,,,,,,llama-3.1-8b-instruct,2,keep,yes,yes,yes,yes,yes,no,attentional impulsivity,functional connectivity,lower,"The sentence directly states a correlation between right NAcc 11C-MADAM binding potential and attentional impulsivity in individuals with gambling disorder, which matches the extracted claim.",
575,28174127,Altered functional connectivity in default mode network in Internet gaming disorder: Influence of childhood ADHD.,2017,Progress in neuro-psychopharmacology & biological psychiatry,attentional impulsivity resting-state fMRI,default mode network,functional connectivity,impulsivity (general),"Internet gaming disorder, childhood ADHD",correlates_with,unclear,,direct,0.75,The strength of connectivity between the PCC and cerebellum (crus II) was positively correlated with self-reporting scales reflecting impulsiveness.,yes,,yes,yes,yes,,,,,,,,,,llama-3.1-8b-instruct,2,keep,yes,yes,yes,yes,yes,no,impulsivity (general),functional connectivity,positively,"The sentence clearly supports the extracted claim, mentioning a direct association between the strength of connectivity and impulsiveness.",
577,40334458,Temporal variability-based alternations in dynamic functional networks in internet gaming disorder.,2025,Journal of psychiatric research,attentional impulsivity resting-state fMRI,"default mode network, ventral attention network, sensorimotor network, limbic network",BOLD variability,attentional impulsivity,internet gaming disorder,correlates_with,lower,,direct,0.85,"Compared to RGUs, IGD individuals exhibited decreased within-network variability in the default mode network (DMN)",yes,,yes,yes,yes,,,,,,,,,,llama-3.1-8b-instruct,2,keep,yes,yes,yes,yes,yes,no,attentional impulsivity,BOLD variability,lower,"The sentence directly states that IGD individuals have lower within-network variability in the DMN, which is part of the default mode network, ventral attention network, sensorimotor network, and limbic network. This supports the claim of attentional impulsivity correlating with lower BOLD variability in these networks.",
585,34851976,Differential structure-function network coupling in the inattentive and combined types of attention deficit hyperactivity disorder.,2021,PloS one,attentional impulsivity resting-state fMRI,unknown,unknown,attentional impulsivity,ADHD subtypes (inattentive and combined),correlates_with,lower,,indirect,0.7,"Children with ADHD had lower structural connectivity and network efficiency in the DMN, without significant group differences in functional networks.",yes,,yes,yes,no,,,,,,,,,,llama-3.1-8b-instruct,2,keep,yes,yes,yes,yes,yes,no,attentional impulsivity,network efficiency,lower,"The sentence clearly supports the claim, mentioning a specific phenotype (attentional impulsivity), feature (network efficiency), and direction (lower). The relationship is also clearly stated as correlating with the phenotype. The directness is indirect, but this is consistent with the claim. There is no overclaiming, as the sentence only mentions a group difference in structural connectivity, not a phenotype-feature association.",
591,39339712,Investigating the Impact of Nutrition and Oxidative Stress on Attention Deficit Hyperactivity Disorder.,2024,Nutrients,attentional impulsivity functional connectivity,unknown,functional connectivity,attentional impulsivity,ADHD,associated_with,unclear,,background,,,no,evidence_strength not a number,yes,no,unclear,,,,,,,,,,llama-3.1-8b-instruct,1,revise,yes,yes,yes,no,no,no,attentional impulsivity,functional connectivity,,The sentence partially supports the claim but needs revision or is indirect. The direction and directness are unclear.,
598,10570690,What is attention-deficit/hyperactivity disorder?,1999,Pediatric clinics of North America,attentional impulsivity functional connectivity,unknown,unknown,attentional impulsivity,unknown,unknown,unclear,,background,,,no,evidence_strength not a number,yes,no,unclear,,,,,,,,,,llama-3.1-8b-instruct,2,keep,yes,yes,yes,yes,yes,no,attentional impulsivity,,,,
607,9571295,Frontal lobe functions and dysfunctions.,1998,Clinical EEG (electroencephalography),attentional impulsivity functional connectivity,unknown,unknown,attentional impulsivity,unknown,unknown,unclear,,unclear,,,no,evidence_strength not a number,yes,no,unclear,,,,,,,,,,llama-3.1-8b-instruct,1,revise,yes,no,no,no,no,no,attentional impulsivity,behavioral,positive,"The sentence does not explicitly mention a feature type or relationship, but it does mention a phenotype. The direction is unclear, but the corrected direction is assumed to be positive based on the context of the paper title.",
608,39284401,"Transcranial Magnetic Stimulation-Induced Plasticity Improving Cognitive Control in Obsessive-Compulsive Disorder, Part II: Task-Based Neural Predictors of Treatment Response.",2025,Biological psychiatry,attentional impulsivity functional connectivity,unknown,functional connectivity,attentional impulsivity,Obsessive-Compulsive Disorder,associated_with,lower,,direct,0.75,Lower precuneus activation with increased planning taskload was correlated with symptom reduction in the dorsolateral prefrontal cortex group.,yes,,yes,yes,yes,,,,,,,,,,llama-3.1-8b-instruct,1,revise,yes,yes,yes,no,no,no,attentional impulsivity,functional connectivity,lower,"The sentence does not directly support the direction of the claim. The direction of the claim is 'lower', but the sentence states 'lower precuneus activation', which is a different direction. The sentence also does not directly support the directness of the claim, as it does not name both phenotype and feature. The phenotype 'attentional impulsivity' is supported, as it is mentioned in the diagnostic context. The feature 'functional connectivity' is also supported, as it is implied by the mention of 'activation' and 'cortical group'. The relationship 'associated_with' is supported, as the sentence states 'correlated with'. The brain system is not supported, as it is not mentioned in the sentence. The mechanism is not supported, as it is not mentioned in the sentence.",
630,22901705,Alterations in regional homogeneity of resting-state brain activity in internet gaming addicts.,2012,Behavioral and brain functions : BBF,motor impulsivity resting-state fMRI,unknown,BOLD variability,motor impulsivity,internet gaming addiction,correlates_with,higher,,direct,0.8,"Comparing to the healthy controls, IGA subjects show enhanced ReHo in brainstem, inferior parietal lobule, left posterior cerebellum, and left middle frontal gyrus. All of these regions are thought related with sensory-motor coordination.",yes,,yes,yes,yes,,,,,,,,,,llama-3.1-8b-instruct,0,drop,no,no,no,no,no,no,,,,"The sentence does not mention motor impulsivity, BOLD variability, or any relationship between them. It only talks about ReHo in brain regions related to sensory-motor coordination in internet gaming addicts compared to healthy controls.",
635,25925985,Impaired corticostriatal connectivity in impulse control disorders in Parkinson disease.,2015,Neurology,motor impulsivity resting-state fMRI,unknown,functional connectivity,nonplanning impulsivity,Parkinson disease with and without impulse control disorders,associated_with,lower,,direct,0.85,"The presence of an ICD in patients with PD was associated with functional disconnection between the left anterior putamen and both the left inferior temporal gyrus and the left anterior cingulate gyrus, as well as a trend toward a functional disconnection between several motor and associative striatal regions and limbic, associative, and motor cortical regions.",yes,,yes,yes,yes,,,,,,,,,,llama-3.1-8b-instruct,1,revise,yes,yes,yes,no,no,no,nonplanning impulsivity,functional connectivity,lower,"The sentence partially supports the claim because it mentions a specific type of impulsivity, but the direction of the association is not explicitly stated as lower. The directness of the association is also not clearly stated as direct between the phenotype and feature, but rather between brain regions.",
640,28040671,Decisional impulsivity and the associative-limbic subthalamic nucleus in obsessive-compulsive disorder: stimulation and connectivity.,2017,Brain : a journal of neurology,motor impulsivity resting-state fMRI,unknown,functional connectivity,nonplanning impulsivity,obsessive-compulsive disorder,associated_with,higher,,direct,0.9,We show that stimulation of the subthalamic nucleus is causally implicated in increasing decisional impulsivity with less accumulation of evidence during probabilistic uncertainty and in enhancing delay discounting.,yes,,yes,yes,yes,,,,,,,,,,llama-3.1-8b-instruct,2,keep,yes,yes,yes,yes,yes,no,nonplanning impulsivity,functional connectivity,higher,"The sentence directly supports the association between the subthalamic nucleus and nonplanning impulsivity, which is a type of decisional impulsivity. The direction of the association is also correctly captured as 'higher'. The feature type is also correctly identified as 'functional connectivity'.",
647,31801105,A preliminary study of disrupted functional network in individuals with Internet gaming disorder: Evidence from the comparison with recreational game users.,2020,Addictive behaviors,motor impulsivity resting-state fMRI,unknown,functional connectivity,nonplanning impulsivity,Internet gaming disorder,associated_with,higher,,direct,0.7,"subjects with IGD as compared to those with RGU showed increased nodal centralities in the reward, craving, emotional memory and sensory-motor processing regions.",yes,,yes,yes,yes,,,,,,,,,,llama-3.1-8b-instruct,1,revise,yes,yes,yes,no,no,no,nonplanning impulsivity,functional connectivity,higher,"The sentence partially supports the claim, but the direction and directness need to be revised to match the extracted claim. The sentence does not explicitly mention nonplanning impulsivity, but it can be inferred as the phenotype is related to IGD. The feature type is also inferred as functional connectivity from the context of the sentence.",
653,41932505,Intrinsic functional connectivity alterations in medication-naïve children with combined and inattentive ADHD types: Evidence from cortical surface-based analysis.,2026,Journal of affective disorders,motor impulsivity resting-state fMRI,default mode network,functional connectivity,nonplanning impulsivity,"ADHD-C, ADHD-I, HCs",correlates_with,higher,,direct,0.8,The hypo-connectivity linking the DMN (Default-PFC7_L) and SMN (SomMot27_L) was correlated with both higher SNAP-IV Hyperactivity/Impulsivity and Total scores.,yes,,yes,yes,yes,,,,,,,,,,llama-3.1-8b-instruct,2,keep,yes,yes,yes,yes,yes,no,nonplanning impulsivity,functional connectivity,higher,"The sentence clearly supports the claim by stating a correlation between hypo-connectivity in the default mode network and higher SNAP-IV Hyperactivity/Impulsivity and Total scores, which is a measure of nonplanning impulsivity.",
658,40260305,Effective connectivity analysis of response inhibition functional network.,2025,Frontiers in neuroscience,motor impulsivity functional connectivity,"salience/ventral attention network, frontoparietal/control network, ventral default mode network, somatomotor network",dynamic connectivity,nonplanning impulsivity,unknown,correlates_with,unclear,,direct,0.8,"Finally, correlation analyses between self-reported impulsivity levels and causal network interactions revealed that highly impulsive individuals require greater interhemispheric integration between the right and left ECNs for effective inhibition, as well as a causal excitatory modulation from the right executive control network (rECN) to the vDMN.",yes,,yes,yes,yes,,,,,,,,,,llama-3.1-8b-instruct,2,keep,yes,yes,yes,yes,yes,no,nonplanning impulsivity,dynamic connectivity,increases,"The sentence clearly supports the phenotype (nonplanning impulsivity), feature type (dynamic connectivity), relationship (correlates_with), and direction (increases) when stated. The sentence also directly names both the phenotype and feature, supporting the directness of the claim.",
665,39218589,[A review of functional electrical stimulation based on brain-computer interface].,2024,Sheng wu yi xue gong cheng xue za zhi = Journal of biomedical engineering = Shengwu yixue gongchengxue zazhi,motor impulsivity functional connectivity,unknown,unknown,unknown,unknown,unknown,unclear,,unclear,,,no,evidence_strength not a number,yes,no,unclear,,,,,,,,,,llama-3.1-8b-instruct,0,drop,no,no,no,no,no,no,,,,"The sentence does not mention any phenotype, feature, relationship, or direction, making it unsupported for the extracted claim.",
668,35277392,Prefrontal Cortical Connectivity Mediates Locus Coeruleus Noradrenergic Regulation of Inhibitory Control in Older Adults.,2022,The Journal of neuroscience : the official journal of the Society for Neuroscience,motor impulsivity functional connectivity,unknown,functional connectivity,nonplanning impulsivity,unknown,mediates,unclear,,direct,0.8,"We confirm that better response inhibition is correlated with locus coeruleus integrity and stronger connectivity between presupplementary motor area (preSMA) and right inferior frontal gyrus (rIFG), but not volumes of the prefrontal cortical regions.",yes,,yes,yes,yes,,,,,,,,,,llama-3.1-8b-instruct,1,revise,yes,yes,yes,no,yes,no,nonplanning impulsivity,functional connectivity,positive,"The sentence supports the phenotype (nonplanning impulsivity) and feature (functional connectivity), but the direction is unclear. The relationship (mediates) is not explicitly stated in the sentence, but it can be inferred. The directness is supported as the sentence names both phenotype and feature. However, the direction needs to be corrected to positive as better response inhibition is correlated with stronger connectivity.",
670,41281564,Associations between structural injury and task-based corticomuscular connectivity after stroke.,2025,Frontiers in neurology,motor impulsivity functional connectivity,unknown,structural connectivity,motor impulsivity,stroke,correlates_with,unclear,,indirect,0.5,"greater injury correlated with higher coherence between electrodes overlying the supplementary motor area and affected extensor digitorum (high beta: ρ = 0.83, p = 0.001).",yes,,yes,yes,yes,,,,,,,,,,llama-3.1-8b-instruct,2,keep,yes,yes,yes,yes,yes,no,motor impulsivity,structural connectivity,positive,"The sentence clearly supports the claim, mentioning a correlation between greater injury and higher coherence between electrodes overlying the supplementary motor area and affected extensor digitorum, which is a type of structural connectivity. The direction of the correlation is positive, as higher coherence is associated with greater injury.",
695,31907881,Human Brain Imaging Links Dopaminergic Systems to Impulsivity.,2020,Current topics in behavioral neurosciences,motor impulsivity functional connectivity,unknown,functional connectivity,motor impulsivity,unknown,correlates_with,lower,,direct,0.85,striatal D2-type receptor availability shows positive correlation with motor response inhibition and cognitive flexibility.,yes,,yes,yes,yes,,,,,,,,,,llama-3.1-8b-instruct,1,revise,yes,yes,yes,no,no,no,motor response inhibition and cognitive flexibility,functional connectivity,higher,"The sentence mentions a positive correlation, which is the opposite of the extracted direction. The sentence also mentions motor response inhibition and cognitive flexibility, which are the feature and phenotype in the extracted claim.",
700,33304251,Neural Basis of Increased Cognitive Control of Impulsivity During the Mid-Luteal Phase Relative to the Late Follicular Phase of the Menstrual Cycle.,2020,Frontiers in human neuroscience,ADHD impulsivity resting-state fMRI connectivity,unknown,functional connectivity,nonplanning impulsivity,attention deficit hyperactivity disorder,correlates_with,lower,cyclical gonadal hormones affect cognitive control of impulsive behavior via DS-dlPFC circuitry,direct,0.8,"DS-dlPFC functional connectivity magnitude correlated negatively with psychometric impulsivity scores during the late FP, consistent with our behavioral data and further indicating that relative estradiol levels may play an important role in augmenting cognitive control.",yes,,yes,yes,yes,,,,,,,,,,llama-3.1-8b-instruct,2,keep,yes,yes,yes,yes,yes,no,nonplanning impulsivity,functional connectivity,lower,"The sentence clearly supports the extracted claim, mentioning nonplanning impulsivity, functional connectivity, and a negative correlation, which matches the 'correlates_with' relationship and 'lower' direction.",
